chrom,start,end,bxd_strain,kmer,haplotype,gt,dp,ab,phastCons
chr19,4068230,4068231,4512-JFI-0395_BXD090_RwwJ_phased_possorted_bam,AAT>AGT,0,2,29,1.0,0.043
chr19,4068230,4068231,4512-JFI-0400_BXD69_RwwJ_phased_possorted_bam,AAT>AGT,0,2,43,1.0,0.043
chr19,4068230,4068231,4512-JFI-0403_BXD086_RwwJ_phased_possorted_bam,AAT>AGT,0,2,36,0.9722222222222222,0.043
chr19,4068230,4068231,4512-JFI-0413_BXD89_RwwJ_phased_possorted_bam,AAT>AGT,0,2,43,1.0,0.043
chr19,4068230,4068231,4512-JFI-0414_BXD91_RwwJ_phased_possorted_bam,AAT>AGT,0,2,33,1.0,0.043
chr19,4068230,4068231,4512-JFI-0423_BXD75_RwwJ_phased_possorted_bam,AAT>AGT,0,2,35,1.0,0.043
chr19,4068230,4068231,4512-JFI-0435_BXD84_RwwJ_phased_possorted_bam,AAT>AGT,0,2,38,1.0,0.043
chr19,4068230,4068231,4512-JFI-0438_BXD073_RwwJ_phased_possorted_bam,AAT>AGT,0,2,29,1.0,0.043
chr19,4068230,4068231,4512-JFI-0460_BXD67_RwwJ_phased_possorted_bam,AAT>AGT,0,2,41,1.0,0.043
chr19,4068230,4068231,4512-JFI-0462_BXD68_RwwJ_phased_possorted_bam,AAT>AGT,0,2,41,1.0,0.043
chr19,4068230,4068231,4512-JFI-0463_BXD83_RwwJ_phased_possorted_bam,AAT>AGT,0,2,26,1.0,0.043
chr19,4990040,4990041,4512-JFI-0390_BXD218_phased_possorted_bam,CCC>CAC,1,2,35,0.9714285714285714,1.0
chr19,4990040,4990041,4512-JFI-0398_BXD191_phased_possorted_bam,CCC>CAC,1,2,21,0.9523809523809523,1.0
chr19,4990040,4990041,4512-JFI-0412_BXD190_phased_possorted_bam,CCC>CAC,1,2,26,1.0,1.0
chr19,4990040,4990041,4512-JFI-0422_BXD198_phased_possorted_bam,CCC>CAC,1,2,37,1.0,1.0
chr19,4990040,4990041,4512-JFI-0443_BXD216_phased_possorted_bam,CCC>CAC,1,2,32,0.96875,1.0
chr19,4990040,4990041,4512-JFI-0468_BXD209_phased_possorted_bam,CCC>CAC,1,2,46,0.9782608695652174,1.0
chr19,5493747,5493748,4512-JFI-0345_BXD098_RwwJ_phased_possorted_bam,ACG>ATG,1,2,15,1.0,0.102
chr19,5493747,5493748,4512-JFI-0406_BXD102_RwwJ_phased_possorted_bam,ACG>ATG,1,2,32,1.0,0.102
chr19,5493747,5493748,4512-JFI-0469_BXD100_RwwJ_phased_possorted_bam,ACG>ATG,1,2,25,1.0,0.102
chr19,5493747,5493748,4512-JFI-0475_BXD101_RwwJ_phased_possorted_bam,ACG>ATG,1,2,14,1.0,0.102
chr19,5493747,5493748,4512-JFI-0489_BXD43_RwwJ_phased_possorted_bam,ACG>ATG,1,2,23,1.0,0.102
chr19,5684992,5684993,4512-JFI-0386_BXD65_RwwJ_phased_possorted_bam,CCA>CAA,0,2,19,1.0,0.0
chr19,5684992,5684993,4512-JFI-0429_BXD85_RwwJ_phased_possorted_bam,CCA>CAA,0,2,32,1.0,0.0
chr19,5684992,5684993,4512-JFI-0433_BXD71_RwwJ_phased_possorted_bam,CCA>CAA,0,2,29,1.0,0.0
chr19,6828359,6828360,4512-JFI-0409_BXD195_phased_possorted_bam,TCA>TAA,0,2,30,1.0,0.017
chr19,6828359,6828360,4512-JFI-0473_BXD217_phased_possorted_bam,TCA>TAA,0,2,28,1.0,0.017
chr19,6828359,6828360,4512-JFI-0479_BXD197_phased_possorted_bam,TCA>TAA,0,2,24,0.9583333333333334,0.017
chr19,6828359,6828360,4512-JFI-0488_BXD226_phased_possorted_bam,TCA>TAA,0,2,21,1.0,0.017
chr19,6883674,6883675,4512-JFI-0345_BXD098_RwwJ_phased_possorted_bam,GAA>GTA,1,2,27,1.0,-1
chr19,6883674,6883675,4512-JFI-0363_BXD44_RwwJ_phased_possorted_bam,GAA>GTA,1,2,44,1.0,-1
chr19,6883674,6883675,4512-JFI-0406_BXD102_RwwJ_phased_possorted_bam,GAA>GTA,1,2,24,1.0,-1
chr19,6883674,6883675,4512-JFI-0469_BXD100_RwwJ_phased_possorted_bam,GAA>GTA,1,2,31,1.0,-1
chr19,6883674,6883675,4512-JFI-0475_BXD101_RwwJ_phased_possorted_bam,GAA>GTA,1,2,25,1.0,-1
chr19,6883674,6883675,4512-JFI-0489_BXD43_RwwJ_phased_possorted_bam,GAA>GTA,1,2,36,1.0,-1
chr19,7027535,7027536,4512-JFI-0417_BXD148_phased_possorted_bam,GCG>GTG,0,2,21,1.0,0.006
chr19,7027535,7027536,4512-JFI-0449_BXD214_phased_possorted_bam,GCG>GTG,0,2,21,1.0,0.006
chr19,7710691,7710692,4512-JFI-0412_BXD190_phased_possorted_bam,AAG>AGG,1,2,20,1.0,0.0
chr19,7710691,7710692,4512-JFI-0422_BXD198_phased_possorted_bam,AAG>AGG,1,2,26,1.0,0.0
chr19,8467783,8467784,4512-JFI-0359_BXD211_phased_possorted_bam,ACC>AAC,1,2,26,1.0,0.196
chr19,8467783,8467784,4512-JFI-0491_BXD213_phased_possorted_bam,ACC>AAC,1,2,25,1.0,0.196
chr19,8503112,8503113,4512-JFI-0394_BXD162_phased_possorted_bam,ACG>AAG,0,2,24,1.0,-1
chr19,8503112,8503113,4512-JFI-0402_BXD173_phased_possorted_bam,ACG>AAG,0,2,25,1.0,-1
chr19,8503112,8503113,4512-JFI-0416_BXD186_phased_possorted_bam,ACG>AAG,0,2,33,0.9696969696969697,-1
chr19,8503112,8503113,4512-JFI-0484_BXD171_phased_possorted_bam,ACG>AAG,0,2,28,1.0,-1
chr19,8610347,8610348,4512-JFI-0394_BXD162_phased_possorted_bam,TCG>TTG,0,2,20,1.0,0.0
chr19,8610347,8610348,4512-JFI-0402_BXD173_phased_possorted_bam,TCG>TTG,0,2,22,1.0,0.0
chr19,8610347,8610348,4512-JFI-0416_BXD186_phased_possorted_bam,TCG>TTG,0,2,28,1.0,0.0
chr19,8610347,8610348,4512-JFI-0426_BXD169_phased_possorted_bam,TCG>TTG,0,2,20,1.0,0.0
chr19,8610347,8610348,4512-JFI-0434_BXD183_phased_possorted_bam,TCG>TTG,0,2,36,1.0,0.0
chr19,8610347,8610348,4512-JFI-0466_BXD168_phased_possorted_bam,TCG>TTG,0,2,36,1.0,0.0
chr19,8610347,8610348,4512-JFI-0484_BXD171_phased_possorted_bam,TCG>TTG,0,2,27,1.0,0.0
chr19,9300504,9300505,4512-JFI-0394_BXD162_phased_possorted_bam,TAC>TCC,0,2,25,1.0,-1
chr19,9300504,9300505,4512-JFI-0484_BXD171_phased_possorted_bam,TAC>TCC,0,2,21,1.0,-1
chr19,10550590,10550591,4512-JFI-0381_BXD48_RwwJ_phased_possorted_bam,GCG>GTG,1,2,19,1.0,0.0
chr19,10550590,10550591,4512-JFI-0397_BXD049_RwwJ_phased_possorted_bam,GCG>GTG,1,2,29,1.0,0.0
chr19,10768608,10768609,4512-JFI-0394_BXD162_phased_possorted_bam,GCC>GTC,0,2,20,1.0,0.126
chr19,10768608,10768609,4512-JFI-0402_BXD173_phased_possorted_bam,GCC>GTC,0,2,20,1.0,0.126
chr19,10768608,10768609,4512-JFI-0416_BXD186_phased_possorted_bam,GCC>GTC,0,2,29,1.0,0.126
chr19,10768608,10768609,4512-JFI-0426_BXD169_phased_possorted_bam,GCC>GTC,0,2,17,1.0,0.126
chr19,10768608,10768609,4512-JFI-0434_BXD183_phased_possorted_bam,GCC>GTC,0,2,25,1.0,0.126
chr19,10768608,10768609,4512-JFI-0441_BXD181_phased_possorted_bam,GCC>GTC,0,2,19,1.0,0.126
chr19,10768608,10768609,4512-JFI-0466_BXD168_phased_possorted_bam,GCC>GTC,0,2,30,1.0,0.126
chr19,10768608,10768609,4512-JFI-0484_BXD171_phased_possorted_bam,GCC>GTC,0,2,34,1.0,0.126
chr19,11212821,11212822,4512-JFI-0347_BXD024_TyJ_phased_possorted_bam,GAG>GGG,1,2,20,1.0,0.054
chr19,11212821,11212822,4512-JFI-0372_BXD008_TyJ_phased_possorted_bam,GAG>GGG,1,2,25,1.0,0.054
chr19,11212821,11212822,4512-JFI-0407_BXD20_TyJ_phased_possorted_bam,GAG>GGG,1,2,32,1.0,0.054
chr19,11212821,11212822,4512-JFI-0410_BXD013_TyJ_phased_possorted_bam,GAG>GGG,1,2,20,1.0,0.054
chr19,11212821,11212822,4512-JFI-0470_BXD27_TyJ_phased_possorted_bam,GAG>GGG,1,2,32,1.0,0.054
chr19,11212821,11212822,4512-JFI-0474_BXD006_TyJ_phased_possorted_bam,GAG>GGG,1,2,21,0.9523809523809523,0.054
chr19,11567069,11567070,4512-JFI-0374_BXD154_RwwJ_phased_possorted_bam,AAT>ATT,0,2,32,1.0,-1
chr19,11567069,11567070,4512-JFI-0424_BXD111_phased_possorted_bam,AAT>ATT,0,2,35,1.0,-1
chr19,11567069,11567070,4512-JFI-0454_BXD124_RwwJ_phased_possorted_bam,AAT>ATT,0,2,36,0.9722222222222222,-1
chr19,11731951,11731952,4512-JFI-0394_BXD162_phased_possorted_bam,CCG>CTG,0,2,40,1.0,-1
chr19,11731951,11731952,4512-JFI-0402_BXD173_phased_possorted_bam,CCG>CTG,0,2,23,0.9565217391304348,-1
chr19,11731951,11731952,4512-JFI-0416_BXD186_phased_possorted_bam,CCG>CTG,0,2,36,1.0,-1
chr19,11731951,11731952,4512-JFI-0484_BXD171_phased_possorted_bam,CCG>CTG,0,2,50,0.98,-1
chr19,12626819,12626820,4512-JFI-0457_BXD151_phased_possorted_bam,GCG>GTG,1,2,40,1.0,0.998
chr19,12626819,12626820,4512-JFI-0492_BXD128_phased_possorted_bam,GCG>GTG,1,2,37,1.0,0.998
chr19,13276049,13276050,4512-JFI-0381_BXD48_RwwJ_phased_possorted_bam,CAA>CGA,1,2,50,1.0,-1
chr19,13276049,13276050,4512-JFI-0397_BXD049_RwwJ_phased_possorted_bam,CAA>CGA,1,2,35,1.0,-1
chr19,13740633,13740634,4512-JFI-0347_BXD024_TyJ_phased_possorted_bam,TAT>TTT,1,2,41,1.0,0.217
chr19,13740633,13740634,4512-JFI-0368_BXD011_TyJ_phased_possorted_bam,TAT>TTT,1,2,37,1.0,0.217
chr19,13740633,13740634,4512-JFI-0372_BXD008_TyJ_phased_possorted_bam,TAT>TTT,1,2,23,1.0,0.217
chr19,13740633,13740634,4512-JFI-0407_BXD20_TyJ_phased_possorted_bam,TAT>TTT,1,2,26,1.0,0.217
chr19,13740633,13740634,4512-JFI-0470_BXD27_TyJ_phased_possorted_bam,TAT>TTT,1,2,37,1.0,0.217
chr19,13740633,13740634,4512-JFI-0474_BXD006_TyJ_phased_possorted_bam,TAT>TTT,1,2,24,1.0,0.217
chr19,13817669,13817670,4512-JFI-0345_BXD098_RwwJ_phased_possorted_bam,GCA>GAA,1,2,18,1.0,0.0
chr19,13817669,13817670,4512-JFI-0363_BXD44_RwwJ_phased_possorted_bam,GCA>GAA,1,2,31,1.0,0.0
chr19,13817669,13817670,4512-JFI-0406_BXD102_RwwJ_phased_possorted_bam,GCA>GAA,1,2,39,1.0,0.0
chr19,13817669,13817670,4512-JFI-0408_BXD051_RwwJ_phased_possorted_bam,GCA>GAA,1,2,33,1.0,0.0
chr19,13817669,13817670,4512-JFI-0419_BXD050_RwwJ_phased_possorted_bam,GCA>GAA,1,2,32,1.0,0.0
chr19,13817669,13817670,4512-JFI-0469_BXD100_RwwJ_phased_possorted_bam,GCA>GAA,1,2,36,1.0,0.0
chr19,13817669,13817670,4512-JFI-0475_BXD101_RwwJ_phased_possorted_bam,GCA>GAA,1,2,12,1.0,0.0
chr19,13817669,13817670,4512-JFI-0489_BXD43_RwwJ_phased_possorted_bam,GCA>GAA,1,2,40,1.0,0.0
chr19,13835876,13835877,4512-JFI-0342_BXD178_phased_possorted_bam,TCG>TTG,1,2,46,1.0,0.006
chr19,13835876,13835877,4512-JFI-0353_BXD180_phased_possorted_bam,TCG>TTG,1,2,29,1.0,0.006
chr19,13835876,13835877,4512-JFI-0380_BXD172_phased_possorted_bam,TCG>TTG,1,2,36,1.0,0.006
chr19,13835876,13835877,4512-JFI-0428_BXD176_phased_possorted_bam,TCG>TTG,1,2,36,1.0,0.006
chr19,13835876,13835877,4512-JFI-0452_BXD184_phased_possorted_bam,TCG>TTG,1,2,17,1.0,0.006
chr19,13974818,13974819,4512-JFI-0453_BXD038_TyJ_phased_possorted_bam,ACG>ATG,1,2,37,1.0,-1
chr19,13974818,13974819,4512-JFI-0478_BXD39_TyJ_phased_possorted_bam,ACG>ATG,1,2,24,1.0,-1
chr19,14023479,14023480,4512-JFI-0429_BXD85_RwwJ_phased_possorted_bam,CCA>CTA,0,2,41,1.0,0.012
chr19,14023479,14023480,4512-JFI-0438_BXD073_RwwJ_phased_possorted_bam,CCA>CTA,0,2,17,1.0,0.012
chr19,14422838,14422839,4512-JFI-0342_BXD178_phased_possorted_bam,ACG>ATG,1,2,33,1.0,0.0
chr19,14422838,14422839,4512-JFI-0353_BXD180_phased_possorted_bam,ACG>ATG,1,2,25,1.0,0.0
chr19,14422838,14422839,4512-JFI-0452_BXD184_phased_possorted_bam,ACG>ATG,1,2,18,1.0,0.0
chr19,14683394,14683395,4512-JFI-0350_BXD22_TyJ_phased_possorted_bam,ACC>ATC,0,2,28,1.0,0.0
chr19,14683394,14683395,4512-JFI-0383_BXD009_TyJ_phased_possorted_bam,ACC>ATC,0,2,23,1.0,0.0
chr19,14683394,14683395,4512-JFI-0430_BXD002_RwwJ_phased_possorted_bam,ACC>ATC,0,2,29,1.0,0.0
chr19,14683394,14683395,4512-JFI-0464_BXD12_TyJ_phased_possorted_bam,ACC>ATC,0,2,29,1.0,0.0
chr19,15126020,15126021,4512-JFI-0347_BXD024_TyJ_phased_possorted_bam,ACG>ATG,1,2,24,1.0,0.0
chr19,15126020,15126021,4512-JFI-0368_BXD011_TyJ_phased_possorted_bam,ACG>ATG,1,2,20,1.0,0.0
chr19,15126020,15126021,4512-JFI-0372_BXD008_TyJ_phased_possorted_bam,ACG>ATG,1,2,31,1.0,0.0
chr19,15126020,15126021,4512-JFI-0407_BXD20_TyJ_phased_possorted_bam,ACG>ATG,1,2,32,1.0,0.0
chr19,15126020,15126021,4512-JFI-0470_BXD27_TyJ_phased_possorted_bam,ACG>ATG,1,2,25,1.0,0.0
chr19,15126020,15126021,4512-JFI-0474_BXD006_TyJ_phased_possorted_bam,ACG>ATG,1,2,34,1.0,0.0
chr19,16134128,16134129,4512-JFI-0390_BXD218_phased_possorted_bam,CAG>CTG,0,2,15,1.0,0.02
chr19,16134128,16134129,4512-JFI-0485_BXD194_redo_phased_possorted_bam,CAG>CTG,0,2,22,1.0,0.02
chr19,16584855,16584856,4512-JFI-0406_BXD102_RwwJ_phased_possorted_bam,TCA>TTA,0,2,31,1.0,0.001
chr19,16584855,16584856,4512-JFI-0469_BXD100_RwwJ_phased_possorted_bam,TCA>TTA,0,2,38,1.0,0.001
chr19,16584855,16584856,4512-JFI-0475_BXD101_RwwJ_phased_possorted_bam,TCA>TTA,0,2,20,1.0,0.001
chr19,16584855,16584856,4512-JFI-0489_BXD43_RwwJ_phased_possorted_bam,TCA>TTA,0,2,41,1.0,0.001
chr19,17234986,17234987,4512-JFI-0406_BXD102_RwwJ_phased_possorted_bam,ACG>ATG,0,2,20,1.0,0.002
chr19,17234986,17234987,4512-JFI-0469_BXD100_RwwJ_phased_possorted_bam,ACG>ATG,0,2,25,1.0,0.002
chr19,17234986,17234987,4512-JFI-0475_BXD101_RwwJ_phased_possorted_bam,ACG>ATG,0,2,25,1.0,0.002
chr19,17234986,17234987,4512-JFI-0489_BXD43_RwwJ_phased_possorted_bam,ACG>ATG,0,2,24,1.0,0.002
chr19,17640972,17640973,4512-JFI-0345_BXD098_RwwJ_phased_possorted_bam,TAT>TGT,1,2,25,1.0,0.014
chr19,17640972,17640973,4512-JFI-0442_BXD66_RwwJ_phased_possorted_bam,TAT>TGT,1,2,14,1.0,0.014
chr19,17640976,17640977,4512-JFI-0345_BXD098_RwwJ_phased_possorted_bam,TAT>TGT,1,2,23,1.0,0.021
chr19,17640976,17640977,4512-JFI-0442_BXD66_RwwJ_phased_possorted_bam,TAT>TGT,1,2,14,1.0,0.021
chr19,17640978,17640979,4512-JFI-0345_BXD098_RwwJ_phased_possorted_bam,TAT>TGT,1,2,23,1.0,0.028
chr19,17640978,17640979,4512-JFI-0442_BXD66_RwwJ_phased_possorted_bam,TAT>TGT,1,2,13,1.0,0.028
chr19,17934671,17934672,4512-JFI-0457_BXD151_phased_possorted_bam,TCT>TTT,1,2,18,1.0,0.848
chr19,17934671,17934672,4512-JFI-0492_BXD128_phased_possorted_bam,TCT>TTT,1,2,23,1.0,0.848
chr19,18572434,18572435,4512-JFI-0352_BXD144_phased_possorted_bam,TCG>TTG,0,2,39,1.0,0.187
chr19,18572434,18572435,4512-JFI-0373_BXD150_phased_possorted_bam,TCG>TTG,0,2,14,1.0,0.187
chr19,18572434,18572435,4512-JFI-0401_BXD127_phased_possorted_bam,TCG>TTG,0,2,22,1.0,0.187
chr19,18572434,18572435,4512-JFI-0467_BXD122_TyJ_phased_possorted_bam,TCG>TTG,0,2,26,1.0,0.187
chr19,18638164,18638165,4512-JFI-0393_BXD016_TyJ_phased_possorted_bam,ACG>ATG,1,2,18,1.0,0.059
chr19,18638164,18638165,4512-JFI-0407_BXD20_TyJ_phased_possorted_bam,ACG>ATG,1,2,31,1.0,0.059
chr19,18638164,18638165,4512-JFI-0470_BXD27_TyJ_phased_possorted_bam,ACG>ATG,1,2,23,1.0,0.059
chr19,18665622,18665623,4512-JFI-0385_BXD174_phased_possorted_bam,ACA>ATA,1,2,24,1.0,0.001
chr19,18665622,18665623,4512-JFI-0441_BXD181_phased_possorted_bam,ACA>ATA,1,2,21,1.0,0.001
chr19,18746718,18746719,4512-JFI-0445_BXD095_RwwJ_phased_possorted_bam,ACC>ATC,1,2,18,1.0,0.0
chr19,18746718,18746719,4512-JFI-0461_BXD61_RwwJ_phased_possorted_bam,ACC>ATC,1,2,37,1.0,0.0
chr19,18920183,18920184,4512-JFI-0398_BXD191_phased_possorted_bam,TCG>TTG,1,2,16,1.0,-1
chr19,18920183,18920184,4512-JFI-0405_BXD210_phased_possorted_bam,TCG>TTG,1,2,24,1.0,-1
chr19,18920183,18920184,4512-JFI-0412_BXD190_phased_possorted_bam,TCG>TTG,1,2,23,1.0,-1
chr19,18920183,18920184,4512-JFI-0422_BXD198_phased_possorted_bam,TCG>TTG,1,2,17,1.0,-1
chr19,18920183,18920184,4512-JFI-0443_BXD216_phased_possorted_bam,TCG>TTG,1,2,26,0.9615384615384616,-1
chr19,18920190,18920191,4512-JFI-0398_BXD191_phased_possorted_bam,ACA>ATA,1,2,16,1.0,-1
chr19,18920190,18920191,4512-JFI-0405_BXD210_phased_possorted_bam,ACA>ATA,1,2,22,1.0,-1
chr19,18920190,18920191,4512-JFI-0422_BXD198_phased_possorted_bam,ACA>ATA,1,2,16,1.0,-1
chr19,18920190,18920191,4512-JFI-0443_BXD216_phased_possorted_bam,ACA>ATA,1,2,24,0.9583333333333334,-1
chr19,18920194,18920195,4512-JFI-0398_BXD191_phased_possorted_bam,CCG>CTG,1,2,16,1.0,-1
chr19,18920194,18920195,4512-JFI-0405_BXD210_phased_possorted_bam,CCG>CTG,1,2,21,1.0,-1
chr19,18920194,18920195,4512-JFI-0422_BXD198_phased_possorted_bam,CCG>CTG,1,2,16,1.0,-1
chr19,18920194,18920195,4512-JFI-0443_BXD216_phased_possorted_bam,CCG>CTG,1,2,24,0.9583333333333334,-1
chr19,18920226,18920227,4512-JFI-0398_BXD191_phased_possorted_bam,CAG>CCG,1,2,15,1.0,-1
chr19,18920226,18920227,4512-JFI-0405_BXD210_phased_possorted_bam,CAG>CCG,1,2,20,1.0,-1
chr19,18920226,18920227,4512-JFI-0422_BXD198_phased_possorted_bam,CAG>CCG,1,2,19,1.0,-1
chr19,18920237,18920238,4512-JFI-0398_BXD191_phased_possorted_bam,GCG>GAG,1,2,16,1.0,-1
chr19,18920237,18920238,4512-JFI-0405_BXD210_phased_possorted_bam,GCG>GAG,1,2,19,1.0,-1
chr19,18920237,18920238,4512-JFI-0422_BXD198_phased_possorted_bam,GCG>GAG,1,2,17,1.0,-1
chr19,19610481,19610482,4512-JFI-0400_BXD69_RwwJ_phased_possorted_bam,ACA>ATA,0,2,39,1.0,-1
chr19,19610481,19610482,4512-JFI-0460_BXD67_RwwJ_phased_possorted_bam,ACA>ATA,0,2,40,1.0,-1
chr19,20293359,20293360,4512-JFI-0429_BXD85_RwwJ_phased_possorted_bam,GCA>GAA,0,2,23,1.0,-1
chr19,20293359,20293360,4512-JFI-0435_BXD84_RwwJ_phased_possorted_bam,GCA>GAA,0,2,38,1.0,-1
chr19,20293359,20293360,4512-JFI-0438_BXD073_RwwJ_phased_possorted_bam,GCA>GAA,0,2,23,1.0,-1
chr19,20827849,20827850,4512-JFI-0356_BXD034_TyJ_phased_possorted_bam,GCG>GTG,0,2,39,1.0,0.002
chr19,20827849,20827850,4512-JFI-0358_BXD40_TyJ_phased_possorted_bam,GCG>GTG,0,2,30,1.0,0.002
chr19,20827849,20827850,4512-JFI-0471_BXD42_TyJ_phased_possorted_bam,GCG>GTG,0,2,28,1.0,0.002
chr19,21081897,21081898,4512-JFI-0437_BXD170_phased_possorted_bam,AAA>ACA,0,2,30,1.0,-1
chr19,21081897,21081898,4512-JFI-0456_BXD161_RwwJ_phased_possorted_bam,AAA>ACA,0,2,36,1.0,-1
chr19,21278838,21278839,4512-JFI-0381_BXD48_RwwJ_phased_possorted_bam,TAG>TGG,0,2,17,1.0,0.005
chr19,21278838,21278839,4512-JFI-0397_BXD049_RwwJ_phased_possorted_bam,TAG>TGG,0,2,18,1.0,0.005
chr19,21717752,21717753,4512-JFI-0437_BXD170_phased_possorted_bam,CCC>CTC,0,2,21,1.0,0.868
chr19,21717752,21717753,4512-JFI-0456_BXD161_RwwJ_phased_possorted_bam,CCC>CTC,0,2,28,1.0,0.868
chr19,24273119,24273120,4512-JFI-0343_BXD202_phased_possorted_bam,CCC>CAC,1,2,13,1.0,-1
chr19,24273119,24273120,4512-JFI-0370_BXD205_phased_possorted_bam,CCC>CAC,1,2,17,0.9411764705882353,-1
chr19,24273119,24273120,4512-JFI-0396_BXD219_phased_possorted_bam,CCC>CAC,1,2,15,1.0,-1
chr19,24273119,24273120,4512-JFI-0405_BXD210_phased_possorted_bam,CCC>CAC,1,2,17,1.0,-1
chr19,24273119,24273120,4512-JFI-0425_BXD187_phased_possorted_bam,CCC>CAC,1,2,22,0.9545454545454546,-1
chr19,24273119,24273120,4512-JFI-0468_BXD209_phased_possorted_bam,CCC>CAC,1,2,22,0.9090909090909091,-1
chr19,24273119,24273120,4512-JFI-0480_BXD204_phased_possorted_bam,CCC>CAC,1,2,13,1.0,-1
chr19,24273119,24273120,4512-JFI-0491_BXD213_phased_possorted_bam,CCC>CAC,1,2,17,0.9411764705882353,-1
chr19,24961317,24961318,4512-JFI-0391_BXD157_phased_possorted_bam,GAG>GGG,1,2,20,1.0,0.006
chr19,24961317,24961318,4512-JFI-0472_BXD125_RwwJ_phased_possorted_bam,GAG>GGG,1,2,20,1.0,0.006
chr19,24961317,24961318,4512-JFI-0494_BXD147_phased_possorted_bam,GAG>GGG,1,2,23,1.0,0.006
chr19,24984124,24984125,4512-JFI-0443_BXD216_phased_possorted_bam,GCT>GTT,1,2,20,1.0,0.001
chr19,24984124,24984125,4512-JFI-0449_BXD214_phased_possorted_bam,GCT>GTT,1,2,18,1.0,0.001
chr19,25078044,25078045,4512-JFI-0353_BXD180_phased_possorted_bam,GAC>GGC,0,2,31,1.0,0.0
chr19,25078044,25078045,4512-JFI-0380_BXD172_phased_possorted_bam,GAC>GGC,0,2,24,1.0,0.0
chr19,25196484,25196485,4512-JFI-0436_BXD99_RwwJ_phased_possorted_bam,TAT>TGT,1,2,26,1.0,0.026
chr19,25196484,25196485,4512-JFI-0446_BXD74_RwwJ_phased_possorted_bam,TAT>TGT,1,2,21,1.0,0.026
chr19,25572900,25572901,4512-JFI-0350_BXD22_TyJ_phased_possorted_bam,CCT>CTT,0,2,17,1.0,0.159
chr19,25572900,25572901,4512-JFI-0383_BXD009_TyJ_phased_possorted_bam,CCT>CTT,0,2,11,1.0,0.159
chr19,25572900,25572901,4512-JFI-0430_BXD002_RwwJ_phased_possorted_bam,CCT>CTT,0,2,15,1.0,0.159
chr19,25572900,25572901,4512-JFI-0464_BXD12_TyJ_phased_possorted_bam,CCT>CTT,0,2,21,1.0,0.159
chr19,25951171,25951172,4512-JFI-0361_BXD001_TyJ_phased_possorted_bam,GCA>GTA,1,2,15,1.0,0.0
chr19,25951171,25951172,4512-JFI-0368_BXD011_TyJ_phased_possorted_bam,GCA>GTA,1,2,26,1.0,0.0
chr19,25974617,25974618,4512-JFI-0451_BXD33_TyJ_phased_possorted_bam,CCG>CTG,1,2,22,1.0,0.003
chr19,25974617,25974618,4512-JFI-0453_BXD038_TyJ_phased_possorted_bam,CCG>CTG,1,2,18,1.0,0.003
chr19,25974617,25974618,4512-JFI-0478_BXD39_TyJ_phased_possorted_bam,CCG>CTG,1,2,17,1.0,0.003
chr19,26089893,26089894,4512-JFI-0443_BXD216_phased_possorted_bam,GAT>GGT,1,2,16,1.0,0.707
chr19,26089893,26089894,4512-JFI-0449_BXD214_phased_possorted_bam,GAT>GGT,1,2,12,1.0,0.707
chr19,26212602,26212603,4512-JFI-0423_BXD75_RwwJ_phased_possorted_bam,ACG>ATG,0,2,41,1.0,-1
chr19,26212602,26212603,4512-JFI-0460_BXD67_RwwJ_phased_possorted_bam,ACG>ATG,0,2,26,1.0,-1
chr19,26213341,26213342,4512-JFI-0453_BXD038_TyJ_phased_possorted_bam,GAT>GCT,1,2,38,1.0,0.013
chr19,26213341,26213342,4512-JFI-0478_BXD39_TyJ_phased_possorted_bam,GAT>GCT,1,2,16,1.0,0.013
chr19,26474034,26474035,4512-JFI-0409_BXD195_phased_possorted_bam,CCT>CTT,1,2,34,1.0,0.001
chr19,26474034,26474035,4512-JFI-0422_BXD198_phased_possorted_bam,CCT>CTT,1,2,30,1.0,0.001
chr19,26963094,26963095,4512-JFI-0352_BXD144_phased_possorted_bam,TCC>TTC,0,2,29,1.0,0.026
chr19,26963094,26963095,4512-JFI-0360_BXD227_phased_possorted_bam,TCC>TTC,0,2,27,1.0,0.026
chr19,26963094,26963095,4512-JFI-0362_BXD155_phased_possorted_bam,TCC>TTC,0,2,33,1.0,0.026
chr19,26963094,26963095,4512-JFI-0476_BXD215_phased_possorted_bam,TCC>TTC,0,2,15,1.0,0.026
chr19,27646814,27646815,4512-JFI-0426_BXD169_phased_possorted_bam,TCG>TTG,1,2,31,1.0,0.156
chr19,27646814,27646815,4512-JFI-0434_BXD183_phased_possorted_bam,TCG>TTG,1,2,34,1.0,0.156
chr19,27646814,27646815,4512-JFI-0452_BXD184_phased_possorted_bam,TCG>TTG,1,2,18,1.0,0.156
chr19,28209790,28209791,4512-JFI-0445_BXD095_RwwJ_phased_possorted_bam,ACC>ATC,0,2,19,1.0,-1
chr19,28209790,28209791,4512-JFI-0461_BXD61_RwwJ_phased_possorted_bam,ACC>ATC,0,2,31,1.0,-1
chr19,28989524,28989525,4512-JFI-0353_BXD180_phased_possorted_bam,TCA>TTA,1,2,24,1.0,0.339
chr19,28989524,28989525,4512-JFI-0434_BXD183_phased_possorted_bam,TCA>TTA,1,2,28,1.0,0.339
chr19,29030179,29030180,4512-JFI-0366_BXD196_phased_possorted_bam,AAT>ACT,0,2,23,1.0,-1
chr19,29030179,29030180,4512-JFI-0479_BXD197_phased_possorted_bam,AAT>ACT,0,2,15,1.0,-1
chr19,29407881,29407882,4512-JFI-0353_BXD180_phased_possorted_bam,GCA>GTA,1,2,32,1.0,0.058
chr19,29407881,29407882,4512-JFI-0426_BXD169_phased_possorted_bam,GCA>GTA,1,2,27,1.0,0.058
chr19,29407881,29407882,4512-JFI-0434_BXD183_phased_possorted_bam,GCA>GTA,1,2,28,1.0,0.058
chr19,29407881,29407882,4512-JFI-0452_BXD184_phased_possorted_bam,GCA>GTA,1,2,17,1.0,0.058
chr19,29469212,29469213,4512-JFI-0343_BXD202_phased_possorted_bam,GCT>GAT,1,2,35,1.0,0.0
chr19,29469212,29469213,4512-JFI-0351_BXD201_phased_possorted_bam,GCT>GAT,1,2,28,1.0,0.0
chr19,29469212,29469213,4512-JFI-0370_BXD205_phased_possorted_bam,GCT>GAT,1,2,30,1.0,0.0
chr19,29469212,29469213,4512-JFI-0396_BXD219_phased_possorted_bam,GCT>GAT,1,2,34,1.0,0.0
chr19,29469212,29469213,4512-JFI-0405_BXD210_phased_possorted_bam,GCT>GAT,1,2,26,1.0,0.0
chr19,29469212,29469213,4512-JFI-0427_BXD160_phased_possorted_bam,GCT>GAT,1,2,26,1.0,0.0
chr19,29469212,29469213,4512-JFI-0443_BXD216_phased_possorted_bam,GCT>GAT,1,2,26,1.0,0.0
chr19,29469212,29469213,4512-JFI-0449_BXD214_phased_possorted_bam,GCT>GAT,1,2,22,1.0,0.0
chr19,29469212,29469213,4512-JFI-0488_BXD226_phased_possorted_bam,GCT>GAT,1,2,36,1.0,0.0
chr19,29469212,29469213,4512-JFI-0491_BXD213_phased_possorted_bam,GCT>GAT,1,2,28,1.0,0.0
chr19,30095555,30095556,4512-JFI-0345_BXD098_RwwJ_phased_possorted_bam,ACC>ATC,0,2,22,1.0,0.006
chr19,30095555,30095556,4512-JFI-0397_BXD049_RwwJ_phased_possorted_bam,ACC>ATC,0,2,28,1.0,0.006
chr19,30179691,30179692,4512-JFI-0365_BXD113_RwwJ_phased_possorted_bam,AAA>ATA,0,2,28,1.0,0.138
chr19,30179691,30179692,4512-JFI-0374_BXD154_RwwJ_phased_possorted_bam,AAA>ATA,0,2,26,1.0,0.138
chr19,30179691,30179692,4512-JFI-0401_BXD127_phased_possorted_bam,AAA>ATA,0,2,21,1.0,0.138
chr19,30179691,30179692,4512-JFI-0417_BXD148_phased_possorted_bam,AAA>ATA,0,2,33,1.0,0.138
chr19,30179691,30179692,4512-JFI-0450_BXD141_phased_possorted_bam,AAA>ATA,0,2,18,1.0,0.138
chr19,30179691,30179692,4512-JFI-0467_BXD122_TyJ_phased_possorted_bam,AAA>ATA,0,2,35,1.0,0.138
chr19,31338285,31338286,4512-JFI-0372_BXD008_TyJ_phased_possorted_bam,ACA>ATA,1,2,14,1.0,0.006
chr19,31338285,31338286,4512-JFI-0474_BXD006_TyJ_phased_possorted_bam,ACA>ATA,1,2,25,1.0,0.006
chr19,32539696,32539697,4512-JFI-0352_BXD144_phased_possorted_bam,TAC>TCC,0,2,19,1.0,0.0
chr19,32539696,32539697,4512-JFI-0374_BXD154_RwwJ_phased_possorted_bam,TAC>TCC,0,2,22,1.0,0.0
chr19,32539696,32539697,4512-JFI-0417_BXD148_phased_possorted_bam,TAC>TCC,0,2,23,1.0,0.0
chr19,32539696,32539697,4512-JFI-0418_BXD137_phased_possorted_bam,TAC>TCC,0,2,24,1.0,0.0
chr19,32539696,32539697,4512-JFI-0450_BXD141_phased_possorted_bam,TAC>TCC,0,2,16,1.0,0.0
chr19,33282741,33282742,4512-JFI-0381_BXD48_RwwJ_phased_possorted_bam,CCC>CTC,0,2,29,0.9655172413793104,0.0
chr19,33282741,33282742,4512-JFI-0419_BXD050_RwwJ_phased_possorted_bam,CCC>CTC,0,2,34,1.0,0.0
chr19,33593851,33593852,4512-JFI-0381_BXD48_RwwJ_phased_possorted_bam,TCT>TTT,0,2,29,1.0,-1
chr19,33593851,33593852,4512-JFI-0419_BXD050_RwwJ_phased_possorted_bam,TCT>TTT,0,2,28,1.0,-1
chr19,34058517,34058518,4512-JFI-0411_BXD223_phased_possorted_bam,ACA>ATA,1,2,29,1.0,0.001
chr19,34058517,34058518,4512-JFI-0443_BXD216_phased_possorted_bam,ACA>ATA,1,2,15,1.0,0.001
chr19,34067351,34067352,4512-JFI-0353_BXD180_phased_possorted_bam,GAC>GGC,0,2,31,1.0,0.945
chr19,34067351,34067352,4512-JFI-0426_BXD169_phased_possorted_bam,GAC>GGC,0,2,20,1.0,0.945
chr19,34067351,34067352,4512-JFI-0434_BXD183_phased_possorted_bam,GAC>GGC,0,2,38,1.0,0.945
chr19,35049482,35049483,4512-JFI-0469_BXD100_RwwJ_phased_possorted_bam,CCT>CAT,1,2,32,1.0,0.001
chr19,35049482,35049483,4512-JFI-0489_BXD43_RwwJ_phased_possorted_bam,CCT>CAT,1,2,34,1.0,0.001
chr19,35267627,35267628,4512-JFI-0469_BXD100_RwwJ_phased_possorted_bam,ACA>ATA,1,2,40,0.975,-1
chr19,35267627,35267628,4512-JFI-0489_BXD43_RwwJ_phased_possorted_bam,ACA>ATA,1,2,48,1.0,-1
chr19,35572662,35572663,4512-JFI-0361_BXD001_TyJ_phased_possorted_bam,GAT>GGT,1,2,22,1.0,0.012
chr19,35572662,35572663,4512-JFI-0415_BXD032_TyJ_phased_possorted_bam,GAT>GGT,1,2,34,1.0,0.012
chr19,35817544,35817545,4512-JFI-0351_BXD201_phased_possorted_bam,GAA>GGA,1,2,23,0.9565217391304348,0.001
chr19,35817544,35817545,4512-JFI-0370_BXD205_phased_possorted_bam,GAA>GGA,1,2,27,1.0,0.001
chr19,35817544,35817545,4512-JFI-0396_BXD219_phased_possorted_bam,GAA>GGA,1,2,24,1.0,0.001
chr19,35817544,35817545,4512-JFI-0411_BXD223_phased_possorted_bam,GAA>GGA,1,2,32,1.0,0.001
chr19,35817544,35817545,4512-JFI-0422_BXD198_phased_possorted_bam,GAA>GGA,1,2,30,1.0,0.001
chr19,35817544,35817545,4512-JFI-0443_BXD216_phased_possorted_bam,GAA>GGA,1,2,28,1.0,0.001
chr19,35817544,35817545,4512-JFI-0452_BXD184_phased_possorted_bam,GAA>GGA,1,2,24,1.0,0.001
chr19,35817544,35817545,4512-JFI-0485_BXD194_redo_phased_possorted_bam,GAA>GGA,1,2,29,1.0,0.001
chr19,35817544,35817545,4512-JFI-0488_BXD226_phased_possorted_bam,GAA>GGA,1,2,36,1.0,0.001
chr19,35817544,35817545,4512-JFI-0491_BXD213_phased_possorted_bam,GAA>GGA,1,2,31,1.0,0.001
chr19,35872724,35872725,4512-JFI-0378_BXD70_RwwJ_phased_possorted_bam,ACC>ATC,0,2,14,1.0,-1
chr19,35872724,35872725,4512-JFI-0420_BXD78_2_RwwJ_phased_possorted_bam,ACC>ATC,0,2,21,1.0,-1
chr19,35872724,35872725,4512-JFI-0487_BXD81_RwwJ_phased_possorted_bam,ACC>ATC,0,2,11,1.0,-1
chr19,36051988,36051989,4512-JFI-0345_BXD098_RwwJ_phased_possorted_bam,GAC>GTC,0,2,25,1.0,0.922
chr19,36051988,36051989,4512-JFI-0363_BXD44_RwwJ_phased_possorted_bam,GAC>GTC,0,2,17,1.0,0.922
chr19,36051988,36051989,4512-JFI-0397_BXD049_RwwJ_phased_possorted_bam,GAC>GTC,0,2,24,1.0,0.922
chr19,36051988,36051989,4512-JFI-0421_BXD056_RwwJ_phased_possorted_bam,GAC>GTC,0,2,27,1.0,0.922
chr19,36346815,36346816,4512-JFI-0343_BXD202_phased_possorted_bam,ACT>ATT,0,2,30,1.0,0.853
chr19,36346815,36346816,4512-JFI-0396_BXD219_phased_possorted_bam,ACT>ATT,0,2,29,1.0,0.853
chr19,36671002,36671003,4512-JFI-0451_BXD33_TyJ_phased_possorted_bam,AAG>ACG,1,2,11,1.0,0.001
chr19,36671002,36671003,4512-JFI-0453_BXD038_TyJ_phased_possorted_bam,AAG>ACG,1,2,34,1.0,0.001
chr19,36671002,36671003,4512-JFI-0471_BXD42_TyJ_phased_possorted_bam,AAG>ACG,1,2,29,1.0,0.001
chr19,36671002,36671003,4512-JFI-0478_BXD39_TyJ_phased_possorted_bam,AAG>ACG,1,2,22,1.0,0.001
chr19,38177204,38177205,4512-JFI-0370_BXD205_phased_possorted_bam,GAA>GGA,1,2,40,1.0,0.136
chr19,38177204,38177205,4512-JFI-0425_BXD187_phased_possorted_bam,GAA>GGA,1,2,22,1.0,0.136
chr19,38177204,38177205,4512-JFI-0443_BXD216_phased_possorted_bam,GAA>GGA,1,2,29,1.0,0.136
chr19,38558269,38558270,4512-JFI-0385_BXD174_phased_possorted_bam,CAT>CGT,1,2,39,0.9743589743589743,0.002
chr19,38558269,38558270,4512-JFI-0402_BXD173_phased_possorted_bam,CAT>CGT,1,2,27,1.0,0.002
chr19,39191226,39191227,4512-JFI-0346_BXD028_TyJ_phased_possorted_bam,TCT>TTT,0,2,12,1.0,0.135
chr19,39191226,39191227,4512-JFI-0458_BXD14_TyJ_phased_possorted_bam,TCT>TTT,0,2,15,1.0,0.135
chr19,39309719,39309720,4512-JFI-0406_BXD102_RwwJ_phased_possorted_bam,AAT>ATT,1,2,24,1.0,0.007
chr19,39309719,39309720,4512-JFI-0429_BXD85_RwwJ_phased_possorted_bam,AAT>ATT,1,2,21,1.0,0.007
chr19,39309719,39309720,4512-JFI-0435_BXD84_RwwJ_phased_possorted_bam,AAT>ATT,1,2,22,1.0,0.007
chr19,40158667,40158668,4512-JFI-0346_BXD028_TyJ_phased_possorted_bam,TCT>TTT,0,2,28,1.0,0.047
chr19,40158667,40158668,4512-JFI-0458_BXD14_TyJ_phased_possorted_bam,TCT>TTT,0,2,30,1.0,0.047
chr19,40435462,40435463,4512-JFI-0385_BXD174_phased_possorted_bam,CCC>CAC,1,2,21,1.0,0.017
chr19,40435462,40435463,4512-JFI-0402_BXD173_phased_possorted_bam,CCC>CAC,1,2,25,1.0,0.017
chr19,40618256,40618257,4512-JFI-0451_BXD33_TyJ_phased_possorted_bam,ACG>ATG,1,2,17,1.0,0.012
chr19,40618256,40618257,4512-JFI-0453_BXD038_TyJ_phased_possorted_bam,ACG>ATG,1,2,28,1.0,0.012
chr19,40618256,40618257,4512-JFI-0471_BXD42_TyJ_phased_possorted_bam,ACG>ATG,1,2,27,0.9629629629629629,0.012
chr19,40618256,40618257,4512-JFI-0478_BXD39_TyJ_phased_possorted_bam,ACG>ATG,1,2,30,1.0,0.012
chr19,42031182,42031183,4512-JFI-0425_BXD187_phased_possorted_bam,GAT>GGT,1,2,25,1.0,0.072
chr19,42031182,42031183,4512-JFI-0443_BXD216_phased_possorted_bam,GAT>GGT,1,2,20,1.0,0.072
chr19,42032694,42032695,4512-JFI-0425_BXD187_phased_possorted_bam,ACA>ATA,1,2,23,1.0,0.001
chr19,42032694,42032695,4512-JFI-0443_BXD216_phased_possorted_bam,ACA>ATA,1,2,19,1.0,0.001
chr19,42675199,42675200,4512-JFI-0379_BXD77_RwwJ_phased_possorted_bam,CCG>CTG,1,2,16,1.0,-1
chr19,42675199,42675200,4512-JFI-0462_BXD68_RwwJ_phased_possorted_bam,CCG>CTG,1,2,18,1.0,-1
chr19,43451291,43451292,4512-JFI-0377_BXD62_RwwJ_phased_possorted_bam,AAA>ACA,0,2,30,1.0,0.0
chr19,43451291,43451292,4512-JFI-0445_BXD095_RwwJ_phased_possorted_bam,AAA>ACA,0,2,23,1.0,0.0
chr19,43451291,43451292,4512-JFI-0461_BXD61_RwwJ_phased_possorted_bam,AAA>ACA,0,2,31,1.0,0.0
chr19,44554127,44554128,4512-JFI-0351_BXD201_phased_possorted_bam,AAC>AGC,0,2,29,1.0,0.05
chr19,44554127,44554128,4512-JFI-0359_BXD211_phased_possorted_bam,AAC>AGC,0,2,29,1.0,0.05
chr19,44554127,44554128,4512-JFI-0366_BXD196_phased_possorted_bam,AAC>AGC,0,2,33,1.0,0.05
chr19,44554127,44554128,4512-JFI-0405_BXD210_phased_possorted_bam,AAC>AGC,0,2,25,1.0,0.05
chr19,44554127,44554128,4512-JFI-0409_BXD195_phased_possorted_bam,AAC>AGC,0,2,25,1.0,0.05
chr19,44554127,44554128,4512-JFI-0479_BXD197_phased_possorted_bam,AAC>AGC,0,2,21,1.0,0.05
chr19,45026105,45026106,4512-JFI-0375_BXD221_phased_possorted_bam,CCT>CAT,0,2,10,1.0,0.382
chr19,45026105,45026106,4512-JFI-0468_BXD209_phased_possorted_bam,CCT>CAT,0,2,24,1.0,0.382
chr19,45650235,45650236,4512-JFI-0394_BXD162_phased_possorted_bam,ACC>AAC,0,1,662,0.9154078549848943,-1
chr19,45650235,45650236,4512-JFI-0428_BXD176_phased_possorted_bam,ACC>AAC,1,2,750,0.9026666666666666,-1
chr19,45753500,45753501,4512-JFI-0451_BXD33_TyJ_phased_possorted_bam,CCC>CGC,1,2,13,1.0,0.005
chr19,45753500,45753501,4512-JFI-0453_BXD038_TyJ_phased_possorted_bam,CCC>CGC,1,2,33,1.0,0.005
chr19,45753500,45753501,4512-JFI-0471_BXD42_TyJ_phased_possorted_bam,CCC>CGC,1,2,41,1.0,0.005
chr19,45753500,45753501,4512-JFI-0478_BXD39_TyJ_phased_possorted_bam,CCC>CGC,1,2,17,1.0,0.005
chr19,45753952,45753953,4512-JFI-0361_BXD001_TyJ_phased_possorted_bam,CCG>CTG,1,2,24,1.0,0.0
chr19,45753952,45753953,4512-JFI-0368_BXD011_TyJ_phased_possorted_bam,CCG>CTG,1,2,18,1.0,0.0
chr19,45753952,45753953,4512-JFI-0415_BXD032_TyJ_phased_possorted_bam,CCG>CTG,1,2,29,1.0,0.0
chr19,46224471,46224472,4512-JFI-0399_BXD63_RwwJ_phased_possorted_bam,AAC>ACC,1,2,20,1.0,0.007
chr19,46224471,46224472,4512-JFI-0420_BXD78_2_RwwJ_phased_possorted_bam,AAC>ACC,1,2,38,1.0,0.007
chr19,46645167,46645168,4512-JFI-0343_BXD202_phased_possorted_bam,GCT>GTT,1,2,33,1.0,0.0
chr19,46645167,46645168,4512-JFI-0409_BXD195_phased_possorted_bam,GCT>GTT,1,2,26,1.0,0.0
chr19,46645167,46645168,4512-JFI-0411_BXD223_phased_possorted_bam,GCT>GTT,1,2,39,1.0,0.0
chr19,46645167,46645168,4512-JFI-0422_BXD198_phased_possorted_bam,GCT>GTT,1,2,20,1.0,0.0
chr19,46645167,46645168,4512-JFI-0491_BXD213_phased_possorted_bam,GCT>GTT,1,2,30,1.0,0.0
chr19,46851420,46851421,4512-JFI-0343_BXD202_phased_possorted_bam,ACG>ATG,1,2,24,1.0,0.341
chr19,46851420,46851421,4512-JFI-0371_BXD225_phased_possorted_bam,ACG>ATG,1,2,23,1.0,0.341
chr19,46851420,46851421,4512-JFI-0409_BXD195_phased_possorted_bam,ACG>ATG,1,2,26,1.0,0.341
chr19,46851420,46851421,4512-JFI-0411_BXD223_phased_possorted_bam,ACG>ATG,1,2,35,1.0,0.341
chr19,46851420,46851421,4512-JFI-0422_BXD198_phased_possorted_bam,ACG>ATG,1,2,31,1.0,0.341
chr19,46851420,46851421,4512-JFI-0491_BXD213_phased_possorted_bam,ACG>ATG,1,2,36,1.0,0.341
chr19,47151693,47151694,4512-JFI-0343_BXD202_phased_possorted_bam,TCT>TTT,1,2,23,1.0,0.02
chr19,47151693,47151694,4512-JFI-0370_BXD205_phased_possorted_bam,TCT>TTT,1,2,20,1.0,0.02
chr19,47151693,47151694,4512-JFI-0371_BXD225_phased_possorted_bam,TCT>TTT,1,2,13,1.0,0.02
chr19,47151693,47151694,4512-JFI-0396_BXD219_phased_possorted_bam,TCT>TTT,1,2,19,1.0,0.02
chr19,47151693,47151694,4512-JFI-0409_BXD195_phased_possorted_bam,TCT>TTT,1,2,22,1.0,0.02
chr19,47151693,47151694,4512-JFI-0411_BXD223_phased_possorted_bam,TCT>TTT,1,2,28,1.0,0.02
chr19,47151693,47151694,4512-JFI-0422_BXD198_phased_possorted_bam,TCT>TTT,1,2,30,1.0,0.02
chr19,47151693,47151694,4512-JFI-0491_BXD213_phased_possorted_bam,TCT>TTT,1,2,34,1.0,0.02
chr19,47228275,47228276,4512-JFI-0379_BXD77_RwwJ_phased_possorted_bam,GAT>GGT,1,2,14,1.0,0.0
chr19,47228275,47228276,4512-JFI-0400_BXD69_RwwJ_phased_possorted_bam,GAT>GGT,1,2,27,1.0,0.0
chr19,47228275,47228276,4512-JFI-0403_BXD086_RwwJ_phased_possorted_bam,GAT>GGT,1,2,15,1.0,0.0
chr19,47228275,47228276,4512-JFI-0406_BXD102_RwwJ_phased_possorted_bam,GAT>GGT,1,2,23,1.0,0.0
chr19,47228275,47228276,4512-JFI-0423_BXD75_RwwJ_phased_possorted_bam,GAT>GGT,1,2,25,1.0,0.0
chr19,47228275,47228276,4512-JFI-0429_BXD85_RwwJ_phased_possorted_bam,GAT>GGT,1,2,27,1.0,0.0
chr19,47228275,47228276,4512-JFI-0435_BXD84_RwwJ_phased_possorted_bam,GAT>GGT,1,2,33,0.9696969696969697,0.0
chr19,47228275,47228276,4512-JFI-0460_BXD67_RwwJ_phased_possorted_bam,GAT>GGT,1,2,21,1.0,0.0
chr19,47228275,47228276,4512-JFI-0462_BXD68_RwwJ_phased_possorted_bam,GAT>GGT,1,2,25,1.0,0.0
chr19,47228275,47228276,4512-JFI-0463_BXD83_RwwJ_phased_possorted_bam,GAT>GGT,1,2,18,1.0,0.0
chr19,47228275,47228276,4512-JFI-0487_BXD81_RwwJ_phased_possorted_bam,GAT>GGT,1,2,15,1.0,0.0
chr19,47773939,47773940,4512-JFI-0346_BXD028_TyJ_phased_possorted_bam,ACA>AAA,1,2,11,1.0,0.072
chr19,47773939,47773940,4512-JFI-0368_BXD011_TyJ_phased_possorted_bam,ACA>AAA,1,2,19,1.0,0.072
chr19,47773939,47773940,4512-JFI-0407_BXD20_TyJ_phased_possorted_bam,ACA>AAA,1,2,10,1.0,0.072
chr19,47773939,47773940,4512-JFI-0415_BXD032_TyJ_phased_possorted_bam,ACA>AAA,1,2,10,1.0,0.072
chr19,47773939,47773940,4512-JFI-0432_BXD21_TyJ_phased_possorted_bam,ACA>AAA,1,2,21,1.0,0.072
chr19,47773939,47773940,4512-JFI-0470_BXD27_TyJ_phased_possorted_bam,ACA>AAA,1,2,10,1.0,0.072
chr19,47773939,47773940,4512-JFI-0474_BXD006_TyJ_phased_possorted_bam,ACA>AAA,1,2,18,1.0,0.072
chr19,47773939,47773940,4512-JFI-0481_BXD19_TyJ_phased_possorted_bam,ACA>AAA,1,2,11,1.0,0.072
chr19,47852860,47852861,4512-JFI-0349_BXD55_RwwJ_phased_possorted_bam,TAT>TGT,1,2,11,1.0,0.15
chr19,47852860,47852861,4512-JFI-0406_BXD102_RwwJ_phased_possorted_bam,TAT>TGT,1,2,10,1.0,0.15
chr19,47852860,47852861,4512-JFI-0486_BXD045_RwwJ_phased_possorted_bam,TAT>TGT,1,2,10,1.0,0.15
chr19,47852860,47852861,4512-JFI-0491_BXD213_phased_possorted_bam,TAT>TGT,1,2,11,1.0,0.15
chr19,47908666,47908667,4512-JFI-0343_BXD202_phased_possorted_bam,CCG>CTG,1,2,25,1.0,0.0
chr19,47908666,47908667,4512-JFI-0370_BXD205_phased_possorted_bam,CCG>CTG,1,2,26,1.0,0.0
chr19,47908666,47908667,4512-JFI-0371_BXD225_phased_possorted_bam,CCG>CTG,1,2,41,1.0,0.0
chr19,47908666,47908667,4512-JFI-0396_BXD219_phased_possorted_bam,CCG>CTG,1,2,25,1.0,0.0
chr19,47908666,47908667,4512-JFI-0409_BXD195_phased_possorted_bam,CCG>CTG,1,2,31,1.0,0.0
chr19,47908666,47908667,4512-JFI-0411_BXD223_phased_possorted_bam,CCG>CTG,1,2,22,1.0,0.0
chr19,47908666,47908667,4512-JFI-0422_BXD198_phased_possorted_bam,CCG>CTG,1,2,24,1.0,0.0
chr19,47908666,47908667,4512-JFI-0425_BXD187_phased_possorted_bam,CCG>CTG,1,2,26,1.0,0.0
chr19,47908666,47908667,4512-JFI-0488_BXD226_phased_possorted_bam,CCG>CTG,1,2,26,1.0,0.0
chr19,47908666,47908667,4512-JFI-0491_BXD213_phased_possorted_bam,CCG>CTG,1,2,31,1.0,0.0
chr19,48060761,48060762,4512-JFI-0407_BXD20_TyJ_phased_possorted_bam,TAC>TGC,1,2,33,1.0,0.414
chr19,48060761,48060762,4512-JFI-0470_BXD27_TyJ_phased_possorted_bam,TAC>TGC,1,2,33,1.0,0.414
chr19,48060761,48060762,4512-JFI-0481_BXD19_TyJ_phased_possorted_bam,TAC>TGC,1,2,30,1.0,0.414
chr19,48216238,48216239,4512-JFI-0353_BXD180_phased_possorted_bam,GCT>GTT,0,2,17,1.0,0.0
chr19,48216238,48216239,4512-JFI-0394_BXD162_phased_possorted_bam,GCT>GTT,0,2,20,1.0,0.0
chr19,48216238,48216239,4512-JFI-0426_BXD169_phased_possorted_bam,GCT>GTT,0,2,26,1.0,0.0
chr19,48216238,48216239,4512-JFI-0434_BXD183_phased_possorted_bam,GCT>GTT,0,2,25,1.0,0.0
chr19,48405285,48405286,4512-JFI-0380_BXD172_phased_possorted_bam,CCG>CTG,0,2,15,1.0,1.0
chr19,48405285,48405286,4512-JFI-0385_BXD174_phased_possorted_bam,CCG>CTG,0,2,21,1.0,1.0
chr19,48405285,48405286,4512-JFI-0428_BXD176_phased_possorted_bam,CCG>CTG,0,2,43,1.0,1.0
chr19,48405285,48405286,4512-JFI-0441_BXD181_phased_possorted_bam,CCG>CTG,0,2,28,0.9642857142857143,1.0
chr19,48405285,48405286,4512-JFI-0448_BXD175_phased_possorted_bam,CCG>CTG,0,2,11,1.0,1.0
chr19,48555481,48555482,4512-JFI-0342_BXD178_phased_possorted_bam,CCA>CTA,1,2,38,1.0,-1
chr19,48555481,48555482,4512-JFI-0456_BXD161_RwwJ_phased_possorted_bam,CCA>CTA,1,2,27,1.0,-1
chr19,48727223,48727224,4512-JFI-0351_BXD201_phased_possorted_bam,ACC>ATC,0,2,16,1.0,0.0
chr19,48727223,48727224,4512-JFI-0366_BXD196_phased_possorted_bam,ACC>ATC,0,2,23,1.0,0.0
chr19,49014168,49014169,4512-JFI-0406_BXD102_RwwJ_phased_possorted_bam,GCA>GGA,1,2,32,1.0,0.0
chr19,49014168,49014169,4512-JFI-0435_BXD84_RwwJ_phased_possorted_bam,GCA>GGA,1,2,19,1.0,0.0
chr19,49530546,49530547,4512-JFI-0343_BXD202_phased_possorted_bam,TCG>TGG,1,2,28,1.0,0.009
chr19,49530546,49530547,4512-JFI-0371_BXD225_phased_possorted_bam,TCG>TGG,1,2,33,1.0,0.009
chr19,49530546,49530547,4512-JFI-0422_BXD198_phased_possorted_bam,TCG>TGG,1,2,20,1.0,0.009
chr19,49530546,49530547,4512-JFI-0468_BXD209_phased_possorted_bam,TCG>TGG,1,2,47,1.0,0.009
chr19,49530546,49530547,4512-JFI-0473_BXD217_phased_possorted_bam,TCG>TGG,1,2,36,1.0,0.009
chr19,49530546,49530547,4512-JFI-0488_BXD226_phased_possorted_bam,TCG>TGG,1,2,31,1.0,0.009
chr19,49530546,49530547,4512-JFI-0491_BXD213_phased_possorted_bam,TCG>TGG,1,2,22,1.0,0.009
chr19,49591979,49591980,4512-JFI-0448_BXD175_phased_possorted_bam,ACT>AGT,1,2,12,1.0,-1
chr19,49591979,49591980,4512-JFI-0490_BXD177_phased_possorted_bam,ACT>AGT,1,2,49,1.0,-1
chr19,50689616,50689617,4512-JFI-0343_BXD202_phased_possorted_bam,ACT>AAT,1,2,39,1.0,0.495
chr19,50689616,50689617,4512-JFI-0371_BXD225_phased_possorted_bam,ACT>AAT,1,2,26,1.0,0.495
chr19,50689616,50689617,4512-JFI-0422_BXD198_phased_possorted_bam,ACT>AAT,1,2,33,1.0,0.495
chr19,50689616,50689617,4512-JFI-0449_BXD214_phased_possorted_bam,ACT>AAT,1,2,14,1.0,0.495
chr19,50689616,50689617,4512-JFI-0468_BXD209_phased_possorted_bam,ACT>AAT,1,2,28,1.0,0.495
chr19,50689616,50689617,4512-JFI-0473_BXD217_phased_possorted_bam,ACT>AAT,1,2,26,1.0,0.495
chr19,50689616,50689617,4512-JFI-0488_BXD226_phased_possorted_bam,ACT>AAT,1,2,27,1.0,0.495
chr19,50689616,50689617,4512-JFI-0491_BXD213_phased_possorted_bam,ACT>AAT,1,2,30,1.0,0.495
chr19,50861713,50861714,4512-JFI-0392_BXD15_TyJ_phased_possorted_bam,ACC>ATC,0,2,33,1.0,-1
chr19,50861713,50861714,4512-JFI-0393_BXD016_TyJ_phased_possorted_bam,ACC>ATC,0,2,26,1.0,-1
chr19,51645283,51645284,4512-JFI-0343_BXD202_phased_possorted_bam,CCT>CAT,1,2,28,1.0,-1
chr19,51645283,51645284,4512-JFI-0371_BXD225_phased_possorted_bam,CCT>CAT,1,2,22,1.0,-1
chr19,51645283,51645284,4512-JFI-0422_BXD198_phased_possorted_bam,CCT>CAT,1,2,18,1.0,-1
chr19,51645283,51645284,4512-JFI-0449_BXD214_phased_possorted_bam,CCT>CAT,1,2,14,1.0,-1
chr19,51645283,51645284,4512-JFI-0468_BXD209_phased_possorted_bam,CCT>CAT,1,2,23,1.0,-1
chr19,51645283,51645284,4512-JFI-0473_BXD217_phased_possorted_bam,CCT>CAT,1,2,27,0.9629629629629629,-1
chr19,51645283,51645284,4512-JFI-0488_BXD226_phased_possorted_bam,CCT>CAT,1,2,33,1.0,-1
chr19,51645283,51645284,4512-JFI-0491_BXD213_phased_possorted_bam,CCT>CAT,1,2,35,1.0,-1
chr19,52535984,52535985,4512-JFI-0395_BXD090_RwwJ_phased_possorted_bam,GCG>GTG,0,2,34,1.0,-1
chr19,52535984,52535985,4512-JFI-0414_BXD91_RwwJ_phased_possorted_bam,GCG>GTG,0,2,27,1.0,-1
chr19,52535984,52535985,4512-JFI-0483_BXD064_RwwJ_phased_possorted_bam,GCG>GTG,0,2,25,1.0,-1
chr19,53725902,53725903,4512-JFI-0416_BXD186_phased_possorted_bam,GAA>GGA,1,2,35,1.0,0.0
chr19,53725902,53725903,4512-JFI-0466_BXD168_phased_possorted_bam,GAA>GGA,1,2,33,1.0,0.0
chr19,53902483,53902484,4512-JFI-0380_BXD172_phased_possorted_bam,ACG>ATG,1,2,10,1.0,0.002
chr19,53902483,53902484,4512-JFI-0385_BXD174_phased_possorted_bam,ACG>ATG,1,2,16,1.0,0.002
chr19,53902483,53902484,4512-JFI-0437_BXD170_phased_possorted_bam,ACG>ATG,1,2,19,1.0,0.002
chr19,53902483,53902484,4512-JFI-0441_BXD181_phased_possorted_bam,ACG>ATG,1,2,22,1.0,0.002
chr19,54345393,54345394,4512-JFI-0385_BXD174_phased_possorted_bam,ACG>ATG,1,2,24,1.0,0.214
chr19,54345393,54345394,4512-JFI-0434_BXD183_phased_possorted_bam,ACG>ATG,1,2,20,1.0,0.214
chr19,54345393,54345394,4512-JFI-0452_BXD184_phased_possorted_bam,ACG>ATG,1,2,15,1.0,0.214
chr19,54403785,54403786,4512-JFI-0343_BXD202_phased_possorted_bam,CCT>CAT,1,2,32,1.0,0.01
chr19,54403785,54403786,4512-JFI-0412_BXD190_phased_possorted_bam,CCT>CAT,1,2,26,1.0,0.01
chr19,54403785,54403786,4512-JFI-0468_BXD209_phased_possorted_bam,CCT>CAT,1,2,28,1.0,0.01
chr19,54403785,54403786,4512-JFI-0491_BXD213_phased_possorted_bam,CCT>CAT,1,2,30,1.0,0.01
chr19,54492469,54492470,4512-JFI-0367_BXD131_phased_possorted_bam,TCC>TTC,0,2,22,1.0,-1
chr19,54492469,54492470,4512-JFI-0417_BXD148_phased_possorted_bam,TCC>TTC,0,2,33,1.0,-1
chr19,54492469,54492470,4512-JFI-0418_BXD137_phased_possorted_bam,TCC>TTC,0,2,28,1.0,-1
chr19,54492469,54492470,4512-JFI-0424_BXD111_phased_possorted_bam,TCC>TTC,0,2,28,1.0,-1
chr19,54492469,54492470,4512-JFI-0450_BXD141_phased_possorted_bam,TCC>TTC,0,2,19,1.0,-1
chr19,54492469,54492470,4512-JFI-0457_BXD151_phased_possorted_bam,TCC>TTC,0,2,23,1.0,-1
chr19,54492469,54492470,4512-JFI-0459_BXD114_phased_possorted_bam,TCC>TTC,0,2,20,1.0,-1
chr19,54492469,54492470,4512-JFI-0467_BXD122_TyJ_phased_possorted_bam,TCC>TTC,0,2,35,1.0,-1
chr19,54492469,54492470,4512-JFI-0492_BXD128_phased_possorted_bam,TCC>TTC,0,2,32,1.0,-1
chr19,55551400,55551401,4512-JFI-0343_BXD202_phased_possorted_bam,TCG>TGG,1,2,31,1.0,0.001
chr19,55551400,55551401,4512-JFI-0412_BXD190_phased_possorted_bam,TCG>TGG,1,2,41,1.0,0.001
chr19,55551400,55551401,4512-JFI-0468_BXD209_phased_possorted_bam,TCG>TGG,1,2,29,1.0,0.001
chr19,55551400,55551401,4512-JFI-0491_BXD213_phased_possorted_bam,TCG>TGG,1,2,33,1.0,0.001
chr19,55801117,55801118,4512-JFI-0389_BXD5_TyJ_phased_possorted_bam,ACA>AGA,0,2,27,1.0,0.006
chr19,55801117,55801118,4512-JFI-0407_BXD20_TyJ_phased_possorted_bam,ACA>AGA,0,2,28,1.0,0.006
chr19,55801117,55801118,4512-JFI-0470_BXD27_TyJ_phased_possorted_bam,ACA>AGA,0,2,19,1.0,0.006
chr19,55841744,55841745,4512-JFI-0345_BXD098_RwwJ_phased_possorted_bam,AAG>AGG,0,2,34,1.0,0.018
chr19,55841744,55841745,4512-JFI-0486_BXD045_RwwJ_phased_possorted_bam,AAG>AGG,0,2,15,1.0,0.018
chr19,56540740,56540741,4512-JFI-0378_BXD70_RwwJ_phased_possorted_bam,CCA>CTA,0,2,12,1.0,0.009
chr19,56540740,56540741,4512-JFI-0429_BXD85_RwwJ_phased_possorted_bam,CCA>CTA,0,2,24,1.0,0.009
chr19,56540740,56540741,4512-JFI-0433_BXD71_RwwJ_phased_possorted_bam,CCA>CTA,0,2,21,1.0,0.009
chr19,56540740,56540741,4512-JFI-0436_BXD99_RwwJ_phased_possorted_bam,CCA>CTA,0,2,17,1.0,0.009
chr19,56540740,56540741,4512-JFI-0438_BXD073_RwwJ_phased_possorted_bam,CCA>CTA,0,2,16,1.0,0.009
chr19,56540740,56540741,4512-JFI-0446_BXD74_RwwJ_phased_possorted_bam,CCA>CTA,0,2,11,1.0,0.009
chr19,56540740,56540741,4512-JFI-0465_BXD60_RwwJ_phased_possorted_bam,CCA>CTA,0,2,26,1.0,0.009
chr19,56667202,56667203,4512-JFI-0356_BXD034_TyJ_phased_possorted_bam,CCC>CTC,1,2,13,1.0,0.189
chr19,56667202,56667203,4512-JFI-0370_BXD205_phased_possorted_bam,CCC>CTC,1,2,12,1.0,0.189
chr19,56667202,56667203,4512-JFI-0411_BXD223_phased_possorted_bam,CCC>CTC,1,2,16,1.0,0.189
chr19,56732654,56732655,4512-JFI-0343_BXD202_phased_possorted_bam,ACG>ATG,1,2,34,1.0,0.002
chr19,56732654,56732655,4512-JFI-0412_BXD190_phased_possorted_bam,ACG>ATG,1,2,29,1.0,0.002
chr19,56732654,56732655,4512-JFI-0468_BXD209_phased_possorted_bam,ACG>ATG,1,2,28,1.0,0.002
chr19,56732654,56732655,4512-JFI-0491_BXD213_phased_possorted_bam,ACG>ATG,1,2,23,1.0,0.002
chr19,56881392,56881393,4512-JFI-0469_BXD100_RwwJ_phased_possorted_bam,CCT>CTT,0,2,33,1.0,0.041
chr19,56881392,56881393,4512-JFI-0475_BXD101_RwwJ_phased_possorted_bam,CCT>CTT,0,2,19,1.0,0.041
chr19,56881392,56881393,4512-JFI-0489_BXD43_RwwJ_phased_possorted_bam,CCT>CTT,0,2,31,1.0,0.041
chr19,56906349,56906350,4512-JFI-0379_BXD77_RwwJ_phased_possorted_bam,GCG>GTG,1,2,19,1.0,0.0
chr19,56906349,56906350,4512-JFI-0463_BXD83_RwwJ_phased_possorted_bam,GCG>GTG,1,2,26,1.0,0.0
chr19,57153985,57153986,4512-JFI-0445_BXD095_RwwJ_phased_possorted_bam,CCT>CAT,1,2,16,1.0,0.0
chr19,57153985,57153986,4512-JFI-0461_BXD61_RwwJ_phased_possorted_bam,CCT>CAT,1,2,40,1.0,0.0
chr19,57692301,57692302,4512-JFI-0343_BXD202_phased_possorted_bam,TCG>TGG,1,2,33,1.0,0.0
chr19,57692301,57692302,4512-JFI-0354_BXD199_phased_possorted_bam,TCG>TGG,1,2,31,1.0,0.0
chr19,57692301,57692302,4512-JFI-0371_BXD225_phased_possorted_bam,TCG>TGG,1,2,19,1.0,0.0
chr19,57692301,57692302,4512-JFI-0411_BXD223_phased_possorted_bam,TCG>TGG,1,2,37,1.0,0.0
chr19,57692301,57692302,4512-JFI-0412_BXD190_phased_possorted_bam,TCG>TGG,1,2,39,1.0,0.0
chr19,57692301,57692302,4512-JFI-0422_BXD198_phased_possorted_bam,TCG>TGG,1,2,32,1.0,0.0
chr19,57692301,57692302,4512-JFI-0449_BXD214_phased_possorted_bam,TCG>TGG,1,2,14,1.0,0.0
chr19,57692301,57692302,4512-JFI-0468_BXD209_phased_possorted_bam,TCG>TGG,1,2,49,1.0,0.0
chr19,57692301,57692302,4512-JFI-0473_BXD217_phased_possorted_bam,TCG>TGG,1,2,23,1.0,0.0
chr19,57692301,57692302,4512-JFI-0488_BXD226_phased_possorted_bam,TCG>TGG,1,2,47,1.0,0.0
chr19,57692301,57692302,4512-JFI-0491_BXD213_phased_possorted_bam,TCG>TGG,1,2,45,1.0,0.0
chr19,57811883,57811884,4512-JFI-0341_BXD149_phased_possorted_bam,ACC>AGC,0,2,34,1.0,0.002
chr19,57811883,57811884,4512-JFI-0390_BXD218_phased_possorted_bam,ACC>AGC,0,2,17,0.9411764705882353,0.002
chr19,57811883,57811884,4512-JFI-0398_BXD191_phased_possorted_bam,ACC>AGC,0,2,25,1.0,0.002
chr19,57811883,57811884,4512-JFI-0476_BXD215_phased_possorted_bam,ACC>AGC,0,2,25,1.0,0.002
chr19,58182441,58182442,4512-JFI-0442_BXD66_RwwJ_phased_possorted_bam,TCT>TAT,0,2,11,1.0,0.052
chr19,58182441,58182442,4512-JFI-0460_BXD67_RwwJ_phased_possorted_bam,TCT>TAT,0,2,13,1.0,0.052
chr19,58182441,58182442,4512-JFI-0462_BXD68_RwwJ_phased_possorted_bam,TCT>TAT,0,2,21,1.0,0.052
chr19,58182441,58182442,4512-JFI-0487_BXD81_RwwJ_phased_possorted_bam,TCT>TAT,0,2,22,1.0,0.052
chr19,58260543,58260544,4512-JFI-0353_BXD180_phased_possorted_bam,AAA>ATA,1,2,30,1.0,0.0
chr19,58260543,58260544,4512-JFI-0434_BXD183_phased_possorted_bam,AAA>ATA,1,2,27,1.0,0.0
chr19,58334527,58334528,4512-JFI-0347_BXD024_TyJ_phased_possorted_bam,CCC>CTC,0,2,43,1.0,0.017
chr19,58334527,58334528,4512-JFI-0389_BXD5_TyJ_phased_possorted_bam,CCC>CTC,0,2,34,1.0,0.017
chr19,58334527,58334528,4512-JFI-0407_BXD20_TyJ_phased_possorted_bam,CCC>CTC,0,2,42,1.0,0.017
chr19,58501757,58501758,4512-JFI-0343_BXD202_phased_possorted_bam,ACG>ATG,1,2,40,1.0,0.0
chr19,58501757,58501758,4512-JFI-0354_BXD199_phased_possorted_bam,ACG>ATG,1,2,29,1.0,0.0
chr19,58501757,58501758,4512-JFI-0370_BXD205_phased_possorted_bam,ACG>ATG,1,2,40,1.0,0.0
chr19,58501757,58501758,4512-JFI-0371_BXD225_phased_possorted_bam,ACG>ATG,1,2,32,1.0,0.0
chr19,58501757,58501758,4512-JFI-0411_BXD223_phased_possorted_bam,ACG>ATG,1,2,46,1.0,0.0
chr19,58501757,58501758,4512-JFI-0412_BXD190_phased_possorted_bam,ACG>ATG,1,2,33,1.0,0.0
chr19,58501757,58501758,4512-JFI-0422_BXD198_phased_possorted_bam,ACG>ATG,1,2,48,1.0,0.0
chr19,58501757,58501758,4512-JFI-0468_BXD209_phased_possorted_bam,ACG>ATG,1,2,39,1.0,0.0
chr19,58501757,58501758,4512-JFI-0473_BXD217_phased_possorted_bam,ACG>ATG,1,2,49,1.0,0.0
chr19,58501757,58501758,4512-JFI-0488_BXD226_phased_possorted_bam,ACG>ATG,1,2,52,0.9807692307692307,0.0
chr19,58501757,58501758,4512-JFI-0491_BXD213_phased_possorted_bam,ACG>ATG,1,2,43,1.0,0.0
chr19,58553693,58553694,4512-JFI-0396_BXD219_phased_possorted_bam,ACT>ATT,0,2,26,1.0,0.0
chr19,58553693,58553694,4512-JFI-0441_BXD181_phased_possorted_bam,ACT>ATT,0,2,20,1.0,0.0
chr19,58556098,58556099,4512-JFI-0361_BXD001_TyJ_phased_possorted_bam,CCA>CTA,1,2,23,1.0,0.515
chr19,58556098,58556099,4512-JFI-0368_BXD011_TyJ_phased_possorted_bam,CCA>CTA,1,2,34,1.0,0.515
chr19,58556098,58556099,4512-JFI-0410_BXD013_TyJ_phased_possorted_bam,CCA>CTA,1,2,41,1.0,0.515
chr19,58786736,58786737,4512-JFI-0418_BXD137_phased_possorted_bam,CCT>CAT,0,2,19,1.0,0.25
chr19,58786736,58786737,4512-JFI-0450_BXD141_phased_possorted_bam,CCT>CAT,0,2,11,1.0,0.25
chr19,58786736,58786737,4512-JFI-0459_BXD114_phased_possorted_bam,CCT>CAT,0,2,17,1.0,0.25
chr19,58789978,58789979,4512-JFI-0442_BXD66_RwwJ_phased_possorted_bam,GCT>GGT,1,2,32,1.0,0.0
chr19,58789978,58789979,4512-JFI-0460_BXD67_RwwJ_phased_possorted_bam,GCT>GGT,1,2,39,1.0,0.0
chr19,58789978,58789979,4512-JFI-0462_BXD68_RwwJ_phased_possorted_bam,GCT>GGT,1,2,37,1.0,0.0
chr19,58789978,58789979,4512-JFI-0487_BXD81_RwwJ_phased_possorted_bam,GCT>GGT,1,2,31,1.0,0.0
chr19,58824918,58824919,4512-JFI-0420_BXD78_2_RwwJ_phased_possorted_bam,TCG>TTG,1,2,18,1.0,0.0
chr19,58824918,58824919,4512-JFI-0433_BXD71_RwwJ_phased_possorted_bam,TCG>TTG,1,2,10,1.0,0.0
chr19,58824918,58824919,4512-JFI-0436_BXD99_RwwJ_phased_possorted_bam,TCG>TTG,1,2,22,1.0,0.0
chr19,58824918,58824919,4512-JFI-0463_BXD83_RwwJ_phased_possorted_bam,TCG>TTG,1,2,21,0.9523809523809523,0.0
chr19,59135316,59135317,4512-JFI-0359_BXD211_phased_possorted_bam,AAA>AGA,0,2,17,1.0,1.0
chr19,59135316,59135317,4512-JFI-0425_BXD187_phased_possorted_bam,AAA>AGA,0,2,10,1.0,1.0
chr19,59135316,59135317,4512-JFI-0443_BXD216_phased_possorted_bam,AAA>AGA,0,2,15,1.0,1.0
chr19,59135316,59135317,4512-JFI-0479_BXD197_phased_possorted_bam,AAA>AGA,0,2,14,1.0,1.0
chr19,59540639,59540640,4512-JFI-0341_BXD149_phased_possorted_bam,CCA>CTA,0,2,22,0.9545454545454546,0.297
chr19,59540639,59540640,4512-JFI-0357_BXD156_phased_possorted_bam,CCA>CTA,0,2,21,1.0,0.297
chr19,59540639,59540640,4512-JFI-0359_BXD211_phased_possorted_bam,CCA>CTA,0,2,23,1.0,0.297
chr19,59540639,59540640,4512-JFI-0362_BXD155_phased_possorted_bam,CCA>CTA,0,2,37,1.0,0.297
chr19,59540639,59540640,4512-JFI-0374_BXD154_RwwJ_phased_possorted_bam,CCA>CTA,0,2,22,1.0,0.297
chr19,59540639,59540640,4512-JFI-0390_BXD218_phased_possorted_bam,CCA>CTA,0,2,16,1.0,0.297
chr19,59540639,59540640,4512-JFI-0391_BXD157_phased_possorted_bam,CCA>CTA,0,2,30,1.0,0.297
chr19,59540639,59540640,4512-JFI-0398_BXD191_phased_possorted_bam,CCA>CTA,0,2,44,1.0,0.297
chr19,59540639,59540640,4512-JFI-0409_BXD195_phased_possorted_bam,CCA>CTA,0,2,18,1.0,0.297
chr19,59540639,59540640,4512-JFI-0418_BXD137_phased_possorted_bam,CCA>CTA,0,2,39,1.0,0.297
chr19,59540639,59540640,4512-JFI-0424_BXD111_phased_possorted_bam,CCA>CTA,0,2,15,1.0,0.297
chr19,59540639,59540640,4512-JFI-0425_BXD187_phased_possorted_bam,CCA>CTA,0,2,20,1.0,0.297
chr19,59540639,59540640,4512-JFI-0443_BXD216_phased_possorted_bam,CCA>CTA,0,2,15,1.0,0.297
chr19,59540639,59540640,4512-JFI-0449_BXD214_phased_possorted_bam,CCA>CTA,0,2,29,1.0,0.297
chr19,59540639,59540640,4512-JFI-0450_BXD141_phased_possorted_bam,CCA>CTA,0,2,23,1.0,0.297
chr19,59540639,59540640,4512-JFI-0459_BXD114_phased_possorted_bam,CCA>CTA,0,2,24,1.0,0.297
chr19,59540639,59540640,4512-JFI-0472_BXD125_RwwJ_phased_possorted_bam,CCA>CTA,0,2,24,1.0,0.297
chr19,59540639,59540640,4512-JFI-0476_BXD215_phased_possorted_bam,CCA>CTA,0,2,26,1.0,0.297
chr19,59540639,59540640,4512-JFI-0479_BXD197_phased_possorted_bam,CCA>CTA,0,2,15,1.0,0.297
chr19,59540639,59540640,4512-JFI-0485_BXD194_redo_phased_possorted_bam,CCA>CTA,0,2,26,1.0,0.297
chr19,59995308,59995309,4512-JFI-0406_BXD102_RwwJ_phased_possorted_bam,ACA>AAA,0,2,21,1.0,0.003
chr19,59995308,59995309,4512-JFI-0435_BXD84_RwwJ_phased_possorted_bam,ACA>AAA,0,2,23,1.0,0.003
chr19,60615074,60615075,4512-JFI-0402_BXD173_phased_possorted_bam,CCA>CTA,1,2,18,1.0,0.136
chr19,60615074,60615075,4512-JFI-0456_BXD161_RwwJ_phased_possorted_bam,CCA>CTA,1,2,20,1.0,0.136
chr19,61121165,61121166,4512-JFI-0444_BXD79_RwwJ_phased_possorted_bam,TCT>TAT,1,2,27,1.0,0.0
chr19,61121165,61121166,4512-JFI-0445_BXD095_RwwJ_phased_possorted_bam,TCT>TAT,1,2,19,1.0,0.0
chr19,61121165,61121166,4512-JFI-0461_BXD61_RwwJ_phased_possorted_bam,TCT>TAT,1,2,46,1.0,0.0
chr19,61199754,61199755,4512-JFI-0449_BXD214_phased_possorted_bam,GAA>GCA,0,1,276,0.9094202898550725,-1
chr19,61199754,61199755,4512-JFI-0450_BXD141_phased_possorted_bam,GAA>GCA,0,1,322,0.9161490683229814,-1
chr19,61199759,61199760,4512-JFI-0346_BXD028_TyJ_phased_possorted_bam,TAG>TCG,0,1,527,0.9146110056925996,-1
chr19,61199759,61199760,4512-JFI-0424_BXD111_phased_possorted_bam,TAG>TCG,0,1,431,0.9350348027842227,-1
chr19,61199759,61199760,4512-JFI-0464_BXD12_TyJ_phased_possorted_bam,TAG>TCG,0,1,530,0.9150943396226415,-1
chr19,61199759,61199760,4512-JFI-0483_BXD064_RwwJ_phased_possorted_bam,TAG>TCG,0,1,552,0.9239130434782609,-1
chr19,61199759,61199760,4512-JFI-0489_BXD43_RwwJ_phased_possorted_bam,TAG>TCG,0,2,705,0.948936170212766,-1
chr19,61199764,61199765,4512-JFI-0366_BXD196_phased_possorted_bam,AAC>ACC,0,1,450,0.9177777777777778,-1
chr19,61199764,61199765,4512-JFI-0494_BXD147_phased_possorted_bam,AAC>ACC,1,1,396,0.9166666666666666,-1
chr19,61199764,61199765,4512-JFI-0430_BXD002_RwwJ_phased_possorted_bam,AAC>AGC,0,1,525,0.900952380952381,-1
chr19,61199764,61199765,4512-JFI-0486_BXD045_RwwJ_phased_possorted_bam,AAC>AGC,0,1,268,0.9216417910447762,-1
