chr4:116814337-116814338,Mmc_CAST10_H36.variant8,2,A,G
chr4:116814337-116814338,Mmc_CAST1_H12.variant8,2,A,G
chr4:116814337-116814338,Mmc_CAST2_H14.variant8,2,A,G
chr4:116814337-116814338,Mmc_CAST3_H15.variant8,2,A,G
chr4:116814337-116814338,Mmc_CAST4_H24.variant8,2,A,G
chr4:116814337-116814338,Mmc_CAST5_H26.variant8,2,A,G
chr4:116814337-116814338,Mmc_CAST6_H27.variant8,2,A,G
chr4:116814337-116814338,Mmc_CAST7_H28.variant8,2,A,G
chr4:116814337-116814338,Mmc_CAST8_H30.variant8,2,A,G
chr4:116814337-116814338,Mmc_CAST9_H34.variant8,0,A,G
chr4:116814337-116814338,Mmd_FRA1_14.variant,0,A,G
chr4:116814337-116814338,Mmd_FRA2_15B.variant,1,A,G
chr4:116814337-116814338,Mmd_FRA3_16B.variant,1,A,G
chr4:116814337-116814338,Mmd_FRA4_18B.variant,1,A,G
chr4:116814337-116814338,Mmd_FRA5_B2C.variant,1,A,G
chr4:116814337-116814338,Mmd_FRA6_C1.variant,2,A,G
chr4:116814337-116814338,Mmd_FRA7_E1.variant,1,A,G
chr4:116814337-116814338,Mmd_FRA8_F1B.variant,2,A,G
chr4:116814337-116814338,Mmd_GER1_TP1.variant2,0,A,G
chr4:116814337-116814338,Mmd_GER2_TP121B.variant2,1,A,G
chr4:116814337-116814338,Mmd_GER3_TP17-2.variant2,1,A,G
chr4:116814337-116814338,Mmd_GER4_TP3-92.variant2,0,A,G
chr4:116814337-116814338,Mmd_GER5_TP4a.variant2,1,A,G
chr4:116814337-116814338,Mmd_GER6_TP51D.variant2,2,A,G
chr4:116814337-116814338,Mmd_GER7_TP7-10F1A2.variant2,1,A,G
chr4:116814337-116814338,Mmd_GER8_TP81B.variant2,0,A,G
chr4:116814337-116814338,Mmd_HEL1_HG06.variant4,1,A,G
chr4:116814337-116814338,Mmd_HEL2_HG08.variant4,0,A,G
chr4:116814337-116814338,Mmd_HEL3_HG13.variant4,0,A,G
chr4:116814337-116814338,Mmd_IRA1_AH15.variant3,2,A,G
chr4:116814337-116814338,Mmd_IRA2_AH23.variant3,2,A,G
chr4:116814337-116814338,Mmd_IRA3_JR11.variant3,2,A,G
chr4:116814337-116814338,Mmd_IRA4_JR15.variant3,2,A,G
chr4:116814337-116814338,Mmd_IRA5_JR2-F1C.variant3,2,A,G
chr4:116814337-116814338,Mmd_IRA6_JR5-F1C.variant3,2,A,G
chr4:116814337-116814338,Mmd_IRA7_JR7-F1C.variant3,2,A,G
chr4:116814337-116814338,Mmd_IRA8_JR8-F1A.variant3,2,A,G
chr4:116814337-116814338,Mmm_AFG1_396.variant7,2,A,G
chr4:116814337-116814338,Mmm_AFG2_413.variant7,2,A,G
chr4:116814337-116814338,Mmm_AFG3_416.variant7,2,A,G
chr4:116814337-116814338,Mmm_AFG4_424.variant7,2,A,G
chr4:116814337-116814338,Mmm_AFG5_435.variant7,2,A,G
chr4:116814337-116814338,Mmm_AFG6_444.variant7,2,A,G
chr4:116814337-116814338,Mmm_CZE1_CR12.variant5,2,A,G
chr4:116814337-116814338,Mmm_CZE2_CR13.variant5,2,A,G
chr4:116814337-116814338,Mmm_CZE3_CR16.variant5,2,A,G
chr4:116814337-116814338,Mmm_CZE4_CR23.variant5,2,A,G
chr4:116814337-116814338,Mmm_CZE5_CR25.variant5,2,A,G
chr4:116814337-116814338,Mmm_CZE6_CR29.variant5,2,A,G
chr4:116814337-116814338,Mmm_CZE7_CR46.variant5,2,A,G
chr4:116814337-116814338,Mmm_CZE8_CR59.variant5,2,A,G
chr4:116814337-116814338,Mmm_KAZ1_AL1.variant6,2,A,G
chr4:116814337-116814338,Mmm_KAZ2_AL16.variant6,2,A,G
chr4:116814337-116814338,Mmm_KAZ3_AL19.variant6,2,A,G
chr4:116814337-116814338,Mmm_KAZ4_AL33.variant6,2,A,G
chr4:116814337-116814338,Mmm_KAZ5_AL38.variant6,2,A,G
chr4:116814337-116814338,Mmm_KAZ6_AL40.variant6,2,A,G
chr4:116814337-116814338,Mmm_KAZ7_AL41.variant6,2,A,G
chr4:116814337-116814338,Mmm_KAZ8_AL42.variant6,2,A,G
chr4:116814337-116814338,Ms_SPRE1_SP36.variant9,2,A,G
chr4:116814337-116814338,Ms_SPRE2_SP39.variant9,2,A,G
chr4:116814337-116814338,Ms_SPRE3_SP41.variant9,2,A,G
chr4:116814337-116814338,Ms_SPRE4_SP51.variant9,2,A,G
chr4:116814337-116814338,Ms_SPRE5_SP62.variant9,2,A,G
chr4:116814337-116814338,Ms_SPRE6_SP68.variant9,2,A,G
chr4:116814337-116814338,Ms_SPRE7_SP69.variant9,2,A,G
chr4:116814337-116814338,Ms_SPRE8_SP70.variant9,2,A,G
chr4:116814394-116814394,Mmc_CAST10_H36.variant8,0,C,T
chr4:116814394-116814394,Mmc_CAST1_H12.variant8,0,C,T
chr4:116814394-116814394,Mmc_CAST2_H14.variant8,0,C,T
chr4:116814394-116814394,Mmc_CAST3_H15.variant8,0,C,T
chr4:116814394-116814394,Mmc_CAST4_H24.variant8,0,C,T
chr4:116814394-116814394,Mmc_CAST5_H26.variant8,0,C,T
chr4:116814394-116814394,Mmc_CAST6_H27.variant8,0,C,T
chr4:116814394-116814394,Mmc_CAST7_H28.variant8,0,C,T
chr4:116814394-116814394,Mmc_CAST8_H30.variant8,0,C,T
chr4:116814394-116814394,Mmc_CAST9_H34.variant8,0,C,T
chr4:116814394-116814394,Mmd_FRA1_14.variant,0,C,T
chr4:116814394-116814394,Mmd_FRA2_15B.variant,0,C,T
chr4:116814394-116814394,Mmd_FRA3_16B.variant,0,C,T
chr4:116814394-116814394,Mmd_FRA4_18B.variant,0,C,T
chr4:116814394-116814394,Mmd_FRA5_B2C.variant,0,C,T
chr4:116814394-116814394,Mmd_FRA6_C1.variant,0,C,T
chr4:116814394-116814394,Mmd_FRA7_E1.variant,0,C,T
chr4:116814394-116814394,Mmd_FRA8_F1B.variant,0,C,T
chr4:116814394-116814394,Mmd_GER1_TP1.variant2,0,C,T
chr4:116814394-116814394,Mmd_GER2_TP121B.variant2,0,C,T
chr4:116814394-116814394,Mmd_GER3_TP17-2.variant2,0,C,T
chr4:116814394-116814394,Mmd_GER4_TP3-92.variant2,0,C,T
chr4:116814394-116814394,Mmd_GER5_TP4a.variant2,0,C,T
chr4:116814394-116814394,Mmd_GER6_TP51D.variant2,2,C,T
chr4:116814394-116814394,Mmd_GER7_TP7-10F1A2.variant2,1,C,T
chr4:116814394-116814394,Mmd_GER8_TP81B.variant2,0,C,T
chr4:116814394-116814394,Mmd_HEL1_HG06.variant4,0,C,T
chr4:116814394-116814394,Mmd_HEL2_HG08.variant4,0,C,T
chr4:116814394-116814394,Mmd_HEL3_HG13.variant4,0,C,T
chr4:116814394-116814394,Mmd_IRA1_AH15.variant3,0,C,T
chr4:116814394-116814394,Mmd_IRA2_AH23.variant3,1,C,T
chr4:116814394-116814394,Mmd_IRA3_JR11.variant3,1,C,T
chr4:116814394-116814394,Mmd_IRA4_JR15.variant3,2,C,T
chr4:116814394-116814394,Mmd_IRA5_JR2-F1C.variant3,1,C,T
chr4:116814394-116814394,Mmd_IRA6_JR5-F1C.variant3,1,C,T
chr4:116814394-116814394,Mmd_IRA7_JR7-F1C.variant3,0,C,T
chr4:116814394-116814394,Mmd_IRA8_JR8-F1A.variant3,0,C,T
chr4:116814394-116814394,Mmm_AFG1_396.variant7,0,C,T
chr4:116814394-116814394,Mmm_AFG2_413.variant7,0,C,T
chr4:116814394-116814394,Mmm_AFG3_416.variant7,0,C,T
chr4:116814394-116814394,Mmm_AFG4_424.variant7,0,C,T
chr4:116814394-116814394,Mmm_AFG5_435.variant7,0,C,T
chr4:116814394-116814394,Mmm_AFG6_444.variant7,0,C,T
chr4:116814394-116814394,Mmm_CZE1_CR12.variant5,0,C,T
chr4:116814394-116814394,Mmm_CZE2_CR13.variant5,0,C,T
chr4:116814394-116814394,Mmm_CZE3_CR16.variant5,0,C,T
chr4:116814394-116814394,Mmm_CZE4_CR23.variant5,0,C,T
chr4:116814394-116814394,Mmm_CZE5_CR25.variant5,0,C,T
chr4:116814394-116814394,Mmm_CZE6_CR29.variant5,0,C,T
chr4:116814394-116814394,Mmm_CZE7_CR46.variant5,0,C,T
chr4:116814394-116814394,Mmm_CZE8_CR59.variant5,0,C,T
chr4:116814394-116814394,Mmm_KAZ1_AL1.variant6,0,C,T
chr4:116814394-116814394,Mmm_KAZ2_AL16.variant6,0,C,T
chr4:116814394-116814394,Mmm_KAZ3_AL19.variant6,0,C,T
chr4:116814394-116814394,Mmm_KAZ4_AL33.variant6,0,C,T
chr4:116814394-116814394,Mmm_KAZ5_AL38.variant6,0,C,T
chr4:116814394-116814394,Mmm_KAZ6_AL40.variant6,0,C,T
chr4:116814394-116814394,Mmm_KAZ7_AL41.variant6,0,C,T
chr4:116814394-116814394,Mmm_KAZ8_AL42.variant6,0,C,T
chr4:116814394-116814394,Ms_SPRE1_SP36.variant9,2,C,T
chr4:116814394-116814394,Ms_SPRE2_SP39.variant9,2,C,T
chr4:116814394-116814394,Ms_SPRE3_SP41.variant9,2,C,T
chr4:116814394-116814394,Ms_SPRE4_SP51.variant9,2,C,T
chr4:116814394-116814394,Ms_SPRE5_SP62.variant9,2,C,T
chr4:116814394-116814394,Ms_SPRE6_SP68.variant9,2,C,T
chr4:116814394-116814394,Ms_SPRE7_SP69.variant9,2,C,T
chr4:116814394-116814394,Ms_SPRE8_SP70.variant9,2,C,T
chr4:116815657-116815658,Mmc_CAST10_H36.variant8,0,C,G
chr4:116815657-116815658,Mmc_CAST1_H12.variant8,1,C,G
chr4:116815657-116815658,Mmc_CAST2_H14.variant8,1,C,G
chr4:116815657-116815658,Mmc_CAST3_H15.variant8,0,C,G
chr4:116815657-116815658,Mmc_CAST4_H24.variant8,0,C,G
chr4:116815657-116815658,Mmc_CAST5_H26.variant8,0,C,G
chr4:116815657-116815658,Mmc_CAST6_H27.variant8,1,C,G
chr4:116815657-116815658,Mmc_CAST7_H28.variant8,1,C,G
chr4:116815657-116815658,Mmc_CAST8_H30.variant8,2,C,G
chr4:116815657-116815658,Mmc_CAST9_H34.variant8,2,C,G
chr4:116815657-116815658,Mmd_FRA1_14.variant,0,C,G
chr4:116815657-116815658,Mmd_FRA2_15B.variant,0,C,G
chr4:116815657-116815658,Mmd_FRA3_16B.variant,0,C,G
chr4:116815657-116815658,Mmd_FRA4_18B.variant,0,C,G
chr4:116815657-116815658,Mmd_FRA5_B2C.variant,0,C,G
chr4:116815657-116815658,Mmd_FRA6_C1.variant,0,C,G
chr4:116815657-116815658,Mmd_FRA7_E1.variant,0,C,G
chr4:116815657-116815658,Mmd_FRA8_F1B.variant,0,C,G
chr4:116815657-116815658,Mmd_GER1_TP1.variant2,0,C,G
chr4:116815657-116815658,Mmd_GER2_TP121B.variant2,0,C,G
chr4:116815657-116815658,Mmd_GER3_TP17-2.variant2,0,C,G
chr4:116815657-116815658,Mmd_GER4_TP3-92.variant2,0,C,G
chr4:116815657-116815658,Mmd_GER5_TP4a.variant2,0,C,G
chr4:116815657-116815658,Mmd_GER6_TP51D.variant2,2,C,G
chr4:116815657-116815658,Mmd_GER7_TP7-10F1A2.variant2,1,C,G
chr4:116815657-116815658,Mmd_GER8_TP81B.variant2,0,C,G
chr4:116815657-116815658,Mmd_HEL1_HG06.variant4,0,C,G
chr4:116815657-116815658,Mmd_HEL2_HG08.variant4,0,C,G
chr4:116815657-116815658,Mmd_HEL3_HG13.variant4,0,C,G
chr4:116815657-116815658,Mmd_IRA1_AH15.variant3,0,C,G
chr4:116815657-116815658,Mmd_IRA2_AH23.variant3,0,C,G
chr4:116815657-116815658,Mmd_IRA3_JR11.variant3,0,C,G
chr4:116815657-116815658,Mmd_IRA4_JR15.variant3,0,C,G
chr4:116815657-116815658,Mmd_IRA5_JR2-F1C.variant3,0,C,G
chr4:116815657-116815658,Mmd_IRA6_JR5-F1C.variant3,0,C,G
chr4:116815657-116815658,Mmd_IRA7_JR7-F1C.variant3,0,C,G
chr4:116815657-116815658,Mmd_IRA8_JR8-F1A.variant3,0,C,G
chr4:116815657-116815658,Mmm_AFG1_396.variant7,0,C,G
chr4:116815657-116815658,Mmm_AFG2_413.variant7,0,C,G
chr4:116815657-116815658,Mmm_AFG3_416.variant7,0,C,G
chr4:116815657-116815658,Mmm_AFG4_424.variant7,0,C,G
chr4:116815657-116815658,Mmm_AFG5_435.variant7,0,C,G
chr4:116815657-116815658,Mmm_AFG6_444.variant7,0,C,G
chr4:116815657-116815658,Mmm_CZE1_CR12.variant5,0,C,G
chr4:116815657-116815658,Mmm_CZE2_CR13.variant5,0,C,G
chr4:116815657-116815658,Mmm_CZE3_CR16.variant5,0,C,G
chr4:116815657-116815658,Mmm_CZE4_CR23.variant5,0,C,G
chr4:116815657-116815658,Mmm_CZE5_CR25.variant5,0,C,G
chr4:116815657-116815658,Mmm_CZE6_CR29.variant5,0,C,G
chr4:116815657-116815658,Mmm_CZE7_CR46.variant5,0,C,G
chr4:116815657-116815658,Mmm_CZE8_CR59.variant5,0,C,G
chr4:116815657-116815658,Mmm_KAZ1_AL1.variant6,0,C,G
chr4:116815657-116815658,Mmm_KAZ2_AL16.variant6,0,C,G
chr4:116815657-116815658,Mmm_KAZ3_AL19.variant6,0,C,G
chr4:116815657-116815658,Mmm_KAZ4_AL33.variant6,0,C,G
chr4:116815657-116815658,Mmm_KAZ5_AL38.variant6,0,C,G
chr4:116815657-116815658,Mmm_KAZ6_AL40.variant6,0,C,G
chr4:116815657-116815658,Mmm_KAZ7_AL41.variant6,0,C,G
chr4:116815657-116815658,Mmm_KAZ8_AL42.variant6,0,C,G
chr4:116815657-116815658,Ms_SPRE1_SP36.variant9,2,C,G
chr4:116815657-116815658,Ms_SPRE2_SP39.variant9,2,C,G
chr4:116815657-116815658,Ms_SPRE3_SP41.variant9,2,C,G
chr4:116815657-116815658,Ms_SPRE4_SP51.variant9,2,C,G
chr4:116815657-116815658,Ms_SPRE5_SP62.variant9,2,C,G
chr4:116815657-116815658,Ms_SPRE6_SP68.variant9,2,C,G
chr4:116815657-116815658,Ms_SPRE7_SP69.variant9,2,C,G
chr4:116815657-116815658,Ms_SPRE8_SP70.variant9,2,C,G
chr4:116817415-116817416,Mmc_CAST10_H36.variant8,1,A,C
chr4:116817415-116817416,Mmc_CAST1_H12.variant8,2,A,C
chr4:116817415-116817416,Mmc_CAST2_H14.variant8,2,A,C
chr4:116817415-116817416,Mmc_CAST3_H15.variant8,2,A,C
chr4:116817415-116817416,Mmc_CAST4_H24.variant8,2,A,C
chr4:116817415-116817416,Mmc_CAST5_H26.variant8,2,A,C
chr4:116817415-116817416,Mmc_CAST6_H27.variant8,2,A,C
chr4:116817415-116817416,Mmc_CAST7_H28.variant8,2,A,C
chr4:116817415-116817416,Mmc_CAST8_H30.variant8,2,A,C
chr4:116817415-116817416,Mmc_CAST9_H34.variant8,2,A,C
chr4:116817415-116817416,Mmd_FRA1_14.variant,0,A,C
chr4:116817415-116817416,Mmd_FRA2_15B.variant,1,A,C
chr4:116817415-116817416,Mmd_FRA3_16B.variant,1,A,C
chr4:116817415-116817416,Mmd_FRA4_18B.variant,1,A,C
chr4:116817415-116817416,Mmd_FRA5_B2C.variant,1,A,C
chr4:116817415-116817416,Mmd_FRA6_C1.variant,2,A,C
chr4:116817415-116817416,Mmd_FRA7_E1.variant,1,A,C
chr4:116817415-116817416,Mmd_FRA8_F1B.variant,2,A,C
chr4:116817415-116817416,Mmd_GER1_TP1.variant2,0,A,C
chr4:116817415-116817416,Mmd_GER2_TP121B.variant2,1,A,C
chr4:116817415-116817416,Mmd_GER3_TP17-2.variant2,1,A,C
chr4:116817415-116817416,Mmd_GER4_TP3-92.variant2,0,A,C
chr4:116817415-116817416,Mmd_GER5_TP4a.variant2,1,A,C
chr4:116817415-116817416,Mmd_GER6_TP51D.variant2,2,A,C
chr4:116817415-116817416,Mmd_GER7_TP7-10F1A2.variant2,1,A,C
chr4:116817415-116817416,Mmd_GER8_TP81B.variant2,1,A,C
chr4:116817415-116817416,Mmd_HEL1_HG06.variant4,0,A,C
chr4:116817415-116817416,Mmd_HEL2_HG08.variant4,0,A,C
chr4:116817415-116817416,Mmd_HEL3_HG13.variant4,0,A,C
chr4:116817415-116817416,Mmd_IRA1_AH15.variant3,2,A,C
chr4:116817415-116817416,Mmd_IRA2_AH23.variant3,2,A,C
chr4:116817415-116817416,Mmd_IRA3_JR11.variant3,2,A,C
chr4:116817415-116817416,Mmd_IRA4_JR15.variant3,2,A,C
chr4:116817415-116817416,Mmd_IRA5_JR2-F1C.variant3,2,A,C
chr4:116817415-116817416,Mmd_IRA6_JR5-F1C.variant3,2,A,C
chr4:116817415-116817416,Mmd_IRA7_JR7-F1C.variant3,2,A,C
chr4:116817415-116817416,Mmd_IRA8_JR8-F1A.variant3,2,A,C
chr4:116817415-116817416,Mmm_AFG1_396.variant7,2,A,C
chr4:116817415-116817416,Mmm_AFG2_413.variant7,2,A,C
chr4:116817415-116817416,Mmm_AFG3_416.variant7,2,A,C
chr4:116817415-116817416,Mmm_AFG4_424.variant7,2,A,C
chr4:116817415-116817416,Mmm_AFG5_435.variant7,2,A,C
chr4:116817415-116817416,Mmm_AFG6_444.variant7,2,A,C
chr4:116817415-116817416,Mmm_CZE1_CR12.variant5,2,A,C
chr4:116817415-116817416,Mmm_CZE2_CR13.variant5,2,A,C
chr4:116817415-116817416,Mmm_CZE3_CR16.variant5,2,A,C
chr4:116817415-116817416,Mmm_CZE4_CR23.variant5,2,A,C
chr4:116817415-116817416,Mmm_CZE5_CR25.variant5,2,A,C
chr4:116817415-116817416,Mmm_CZE6_CR29.variant5,2,A,C
chr4:116817415-116817416,Mmm_CZE7_CR46.variant5,2,A,C
chr4:116817415-116817416,Mmm_CZE8_CR59.variant5,2,A,C
chr4:116817415-116817416,Mmm_KAZ1_AL1.variant6,2,A,C
chr4:116817415-116817416,Mmm_KAZ2_AL16.variant6,2,A,C
chr4:116817415-116817416,Mmm_KAZ3_AL19.variant6,2,A,C
chr4:116817415-116817416,Mmm_KAZ4_AL33.variant6,2,A,C
chr4:116817415-116817416,Mmm_KAZ5_AL38.variant6,2,A,C
chr4:116817415-116817416,Mmm_KAZ6_AL40.variant6,2,A,C
chr4:116817415-116817416,Mmm_KAZ7_AL41.variant6,2,A,C
chr4:116817415-116817416,Mmm_KAZ8_AL42.variant6,2,A,C
chr4:116817415-116817416,Ms_SPRE1_SP36.variant9,2,A,C
chr4:116817415-116817416,Ms_SPRE2_SP39.variant9,2,A,C
chr4:116817415-116817416,Ms_SPRE3_SP41.variant9,2,A,C
chr4:116817415-116817416,Ms_SPRE4_SP51.variant9,2,A,C
chr4:116817415-116817416,Ms_SPRE5_SP62.variant9,2,A,C
chr4:116817415-116817416,Ms_SPRE6_SP68.variant9,2,A,C
chr4:116817415-116817416,Ms_SPRE7_SP69.variant9,2,A,C
chr4:116817415-116817416,Ms_SPRE8_SP70.variant9,2,A,C
chr4:116817418-116817419,Mmc_CAST10_H36.variant8,0,T,C
chr4:116817418-116817419,Mmc_CAST1_H12.variant8,0,T,C
chr4:116817418-116817419,Mmc_CAST2_H14.variant8,0,T,C
chr4:116817418-116817419,Mmc_CAST3_H15.variant8,0,T,C
chr4:116817418-116817419,Mmc_CAST4_H24.variant8,0,T,C
chr4:116817418-116817419,Mmc_CAST5_H26.variant8,0,T,C
chr4:116817418-116817419,Mmc_CAST6_H27.variant8,0,T,C
chr4:116817418-116817419,Mmc_CAST7_H28.variant8,0,T,C
chr4:116817418-116817419,Mmc_CAST8_H30.variant8,0,T,C
chr4:116817418-116817419,Mmc_CAST9_H34.variant8,0,T,C
chr4:116817418-116817419,Mmd_FRA1_14.variant,0,T,C
chr4:116817418-116817419,Mmd_FRA2_15B.variant,1,T,C
chr4:116817418-116817419,Mmd_FRA3_16B.variant,1,T,C
chr4:116817418-116817419,Mmd_FRA4_18B.variant,1,T,C
chr4:116817418-116817419,Mmd_FRA5_B2C.variant,1,T,C
chr4:116817418-116817419,Mmd_FRA6_C1.variant,2,T,C
chr4:116817418-116817419,Mmd_FRA7_E1.variant,1,T,C
chr4:116817418-116817419,Mmd_FRA8_F1B.variant,2,T,C
chr4:116817418-116817419,Mmd_GER1_TP1.variant2,0,T,C
chr4:116817418-116817419,Mmd_GER2_TP121B.variant2,1,T,C
chr4:116817418-116817419,Mmd_GER3_TP17-2.variant2,1,T,C
chr4:116817418-116817419,Mmd_GER4_TP3-92.variant2,0,T,C
chr4:116817418-116817419,Mmd_GER5_TP4a.variant2,1,T,C
chr4:116817418-116817419,Mmd_GER6_TP51D.variant2,2,T,C
chr4:116817418-116817419,Mmd_GER7_TP7-10F1A2.variant2,1,T,C
chr4:116817418-116817419,Mmd_GER8_TP81B.variant2,0,T,C
chr4:116817418-116817419,Mmd_HEL1_HG06.variant4,0,T,C
chr4:116817418-116817419,Mmd_HEL2_HG08.variant4,0,T,C
chr4:116817418-116817419,Mmd_HEL3_HG13.variant4,0,T,C
chr4:116817418-116817419,Mmd_IRA1_AH15.variant3,2,T,C
chr4:116817418-116817419,Mmd_IRA2_AH23.variant3,2,T,C
chr4:116817418-116817419,Mmd_IRA3_JR11.variant3,2,T,C
chr4:116817418-116817419,Mmd_IRA4_JR15.variant3,2,T,C
chr4:116817418-116817419,Mmd_IRA5_JR2-F1C.variant3,2,T,C
chr4:116817418-116817419,Mmd_IRA6_JR5-F1C.variant3,2,T,C
chr4:116817418-116817419,Mmd_IRA7_JR7-F1C.variant3,2,T,C
chr4:116817418-116817419,Mmd_IRA8_JR8-F1A.variant3,2,T,C
chr4:116817418-116817419,Mmm_AFG1_396.variant7,0,T,C
chr4:116817418-116817419,Mmm_AFG2_413.variant7,0,T,C
chr4:116817418-116817419,Mmm_AFG3_416.variant7,0,T,C
chr4:116817418-116817419,Mmm_AFG4_424.variant7,0,T,C
chr4:116817418-116817419,Mmm_AFG5_435.variant7,0,T,C
chr4:116817418-116817419,Mmm_AFG6_444.variant7,0,T,C
chr4:116817418-116817419,Mmm_CZE1_CR12.variant5,0,T,C
chr4:116817418-116817419,Mmm_CZE2_CR13.variant5,0,T,C
chr4:116817418-116817419,Mmm_CZE3_CR16.variant5,0,T,C
chr4:116817418-116817419,Mmm_CZE4_CR23.variant5,0,T,C
chr4:116817418-116817419,Mmm_CZE5_CR25.variant5,0,T,C
chr4:116817418-116817419,Mmm_CZE6_CR29.variant5,0,T,C
chr4:116817418-116817419,Mmm_CZE7_CR46.variant5,0,T,C
chr4:116817418-116817419,Mmm_CZE8_CR59.variant5,0,T,C
chr4:116817418-116817419,Mmm_KAZ1_AL1.variant6,0,T,C
chr4:116817418-116817419,Mmm_KAZ2_AL16.variant6,0,T,C
chr4:116817418-116817419,Mmm_KAZ3_AL19.variant6,0,T,C
chr4:116817418-116817419,Mmm_KAZ4_AL33.variant6,0,T,C
chr4:116817418-116817419,Mmm_KAZ5_AL38.variant6,0,T,C
chr4:116817418-116817419,Mmm_KAZ6_AL40.variant6,0,T,C
chr4:116817418-116817419,Mmm_KAZ7_AL41.variant6,0,T,C
chr4:116817418-116817419,Mmm_KAZ8_AL42.variant6,0,T,C
chr4:116817418-116817419,Ms_SPRE1_SP36.variant9,0,T,C
chr4:116817418-116817419,Ms_SPRE2_SP39.variant9,0,T,C
chr4:116817418-116817419,Ms_SPRE3_SP41.variant9,0,T,C
chr4:116817418-116817419,Ms_SPRE4_SP51.variant9,0,T,C
chr4:116817418-116817419,Ms_SPRE5_SP62.variant9,0,T,C
chr4:116817418-116817419,Ms_SPRE6_SP68.variant9,0,T,C
chr4:116817418-116817419,Ms_SPRE7_SP69.variant9,0,T,C
chr4:116817418-116817419,Ms_SPRE8_SP70.variant9,0,T,C
